/*Customer*/
insert into Customer(CustomerID,NameStyle,Title,FirstName,MiddleName,LastName,Suffix,CompanyName,SalesPerson,EmailAddress,Phone,PasswordHash,PasswordSalt)values(1,0,'Mr.','Orlando','N.','Gee','NULL','A Bike Store ','adventure-workspamela0','orlando0@adventure-works.com','245-555-0173','L/Rlwxzp4w7RWmEgXX+/A7cXaePEPcp+KwQhl2fJL7w=','1KjXYs4=');
insert into Customer(CustomerID,NameStyle,Title,FirstName,MiddleName,LastName,Suffix,CompanyName,SalesPerson,EmailAddress,Phone,PasswordHash,PasswordSalt)values(2,0,'Mr.','Keith','NULL','Harris','NULL','Progressive Sports ','adventure-worksdavid8','keith0@adventure-works.com','170-555-0127','YPdtRdvqeAhj6wyxEsFdshBDNXxkCXn+CRgbvJItknw=','fs1ZGhY=');
insert into Customer(CustomerID,NameStyle,Title,FirstName,MiddleName,LastName,Suffix,CompanyName,SalesPerson,EmailAddress,Phone,PasswordHash,PasswordSalt)values(3,0,'Ms.','Donna','F.','Carreras','NULL','Advanced Bike Components ','adventure-worksjillian0','donna0@adventure-works.com','279-555-0130','LNoK27abGQo48gGue3EBV/UrlYSToV0/s87dCRV7uJk=','YTNH5Rw=');
insert into Customer(CustomerID,NameStyle,Title,FirstName,MiddleName,LastName,Suffix,CompanyName,SalesPerson,EmailAddress,Phone,PasswordHash,PasswordSalt)values(4,0,'Ms.','Janet','M.','Gates','NULL','Modular Cycle Systems ','adventure-worksjillian0','janet1@adventure-works.com','710-555-0173','ElzTpSNbUW1Ut+L5cWlfR7MF6nBZia8WpmGaQPjLOJA=','nm7D5e4=');
insert into Customer(CustomerID,NameStyle,Title,FirstName,MiddleName,LastName,Suffix,CompanyName,SalesPerson,EmailAddress,Phone,PasswordHash,PasswordSalt)values(5,0,'Mr.','Lucy','NULL','Harrington','NULL','Metropolitan Sports Supply ','adventure-worksshu0','lucy0@adventure-works.com','828-555-0186','KJqV15wsX3PG8TS5GSddp6LFFVdd3CoRftZM/tP0+R4=','cNFKU4w=');
insert into Customer(CustomerID,NameStyle,Title,FirstName,MiddleName,LastName,Suffix,CompanyName,SalesPerson,EmailAddress,Phone,PasswordHash,PasswordSalt)values(6,0,'Ms.','Rosmarie','J.','Carroll','NULL','Aerobic Exercise Company ','adventure-workslinda3','rosmarie0@adventure-works.com','244-555-0112','OKT0scizCdIzymHHOtyJKQiC/fCILSooSZ8dQ2Y34VM=','ihWf50M=');
insert into Customer(CustomerID,NameStyle,Title,FirstName,MiddleName,LastName,Suffix,CompanyName,SalesPerson,EmailAddress,Phone,PasswordHash,PasswordSalt)values(7,0,'Mr.','Dominic','P.','Gash','NULL','Associated Bikes ','adventure-worksshu0','dominic0@adventure-works.com','192-555-0173','ZccoP/jZGQm+Xpzc7RKwDhS11YFNybwcPVRYTSNcnSg=','sPoUBSQ=');
insert into Customer(CustomerID,NameStyle,Title,FirstName,MiddleName,LastName,Suffix,CompanyName,SalesPerson,EmailAddress,Phone,PasswordHash,PasswordSalt)values(10,0,'Ms.','Kathleen','M.','Garza','NULL','Rural Cycle Emporium ','adventure-worksjose1','kathleen0@adventure-works.com','150-555-0127','Qa3aMCxNbVLGrc0b99KsbQqiVgwYDfHcsK9GZSUxcTM=','Ls05W3g=');
insert into Customer(CustomerID,NameStyle,Title,FirstName,MiddleName,LastName,Suffix,CompanyName,SalesPerson,EmailAddress,Phone,PasswordHash,PasswordSalt)values(11,0,'Ms.','Katherine','NULL','Harding','NULL','Sharp Bikes ','adventure-worksjose1','katherine0@adventure-works.com','926-555-0159','uRlorVzDGNJIX9I+ehTlRK+liT4UKRgWhApJgUMC2d4=','jpHKbqE=');
insert into Customer(CustomerID,NameStyle,Title,FirstName,MiddleName,LastName,Suffix,CompanyName,SalesPerson,EmailAddress,Phone,PasswordHash,PasswordSalt)values(12,0,'Mr.','Johnny','A.','Caprio','Jr.','Bikes and Motorbikes ','adventure-worksgarrett1','johnny0@adventure-works.com','112-555-0191','jtF9jBoFYeJTaET7x+eJDkd7BzMz15Wo9odbGPBaIak=','wVLnvHo=');
insert into Customer(CustomerID,NameStyle,Title,FirstName,MiddleName,LastName,Suffix,CompanyName,SalesPerson,EmailAddress,Phone,PasswordHash,PasswordSalt)values(16,0,'Mr.','Christopher','R.','Beck','Jr.','Bulk Discount Store adventure-worksjae0 christopher1@adventure-works.com 1 ','(11)','500','555-0132','sKt9daCzEEKWAzivEGPOp8tmaM1R3I+aJfcBjzJRFLo=','8KfYx/4=');
insert into Customer(CustomerID,NameStyle,Title,FirstName,MiddleName,LastName,Suffix,CompanyName,SalesPerson,EmailAddress,Phone,PasswordHash,PasswordSalt)values(18,0,'Mr.','David','J.','Liu','NULL','Catalog Store ','adventure-worksmichael9','david20@adventure-works.com','440-555-0132','61zeTkO+eI5g8GG0swny8Wp/6GzZMFnT71fnW4lTHNY=','c7Ttvv0=');
insert into Customer(CustomerID,NameStyle,Title,FirstName,MiddleName,LastName,Suffix,CompanyName,SalesPerson,EmailAddress,Phone,PasswordHash,PasswordSalt)values(19,0,'Mr.','John','A.','Beaver','NULL','Center Cycle Shop ','adventure-workspamela0','john8@adventure-works.com','521-555-0195','DzbqWX7B3EK5Dub92CKHYSUGKGbZCbrcVDpVe/xyBeI=','zXNgrJw=');
insert into Customer(CustomerID,NameStyle,Title,FirstName,MiddleName,LastName,Suffix,CompanyName,SalesPerson,EmailAddress,Phone,PasswordHash,PasswordSalt)values(20,0,'Ms.','Jean','P.','Handley','NULL','Central Discount Store ','adventure-worksdavid8','jean1@adventure-works.com','582-555-0113','o1GVo3vExeNzo0/ctdRGf2eDK3uzTlcUbr18tN+Slf8=','uMsvfdo=');
insert into Customer(CustomerID,NameStyle,Title,FirstName,MiddleName,LastName,Suffix,CompanyName,SalesPerson,EmailAddress,Phone,PasswordHash,PasswordSalt)values(21,0,'NULL','Jinghao','NULL','Liu','NULL','Chic Department Stores ','adventure-worksjillian0','jinghao1@adventure-works.com','928-555-0116','IaD5AeqK9mRiIrJi/etZGVO6EiybLf/oksA2CqrpoJ0=','p6pOqKc=');
insert into Customer(CustomerID,NameStyle,Title,FirstName,MiddleName,LastName,Suffix,CompanyName,SalesPerson,EmailAddress,Phone,PasswordHash,PasswordSalt)values(22,0,'Ms.','Linda','E.','Burnett','NULL','Travel Systems ','adventure-worksjillian0','linda4@adventure-works.com','121-555-0121','23AwhujCoXYSPiN/B+G8Z9rk36xl35EbdLT7akTMTqU=','SmyIPjE=');
insert into Customer(CustomerID,NameStyle,Title,FirstName,MiddleName,LastName,Suffix,CompanyName,SalesPerson,EmailAddress,Phone,PasswordHash,PasswordSalt)values(23,0,'Mr.','Kerim','NULL','Hanif','NULL','Bike World ','adventure-worksshu0','kerim0@adventure-works.com','216-555-0122','d0WSjosAd7Y3XOWjNAkoTClCb50vwPuAawOSI1iosgs=','33g5co8=');
insert into Customer(CustomerID,NameStyle,Title,FirstName,MiddleName,LastName,Suffix,CompanyName,SalesPerson,EmailAddress,Phone,PasswordHash,PasswordSalt)values(24,0,'Mr.','Kevin','NULL','Liu','NULL','Eastside Department Store ','adventure-workslinda3','kevin5@adventure-works.com','926-555-0164','ylTpkIOHKLcjihNjS0j/k10eOHOsWQMNhlbuOCp+UTY=','TgZnUOg=');
insert into Customer(CustomerID,NameStyle,Title,FirstName,MiddleName,LastName,Suffix,CompanyName,SalesPerson,EmailAddress,Phone,PasswordHash,PasswordSalt)values(25,0,'Mr.','Donald','L.','Blanton','NULL','Coalition Bike Company ','adventure-worksshu0','donald0@adventure-works.com','357-555-0161','pKYDelLBOZMO98GBzhMxBSzzE0gUYKx9dXzYTYNuBgw=','jKtOaOw=');
insert into Customer(CustomerID,NameStyle,Title,FirstName,MiddleName,LastName,Suffix,CompanyName,SalesPerson,EmailAddress,Phone,PasswordHash,PasswordSalt)values(28,0,'Ms.','Jackie','E.','Blackwell','NULL','Commuter Bicycle Store ','adventure-worksjose1','jackie0@adventure-works.com','972-555-0163','wqhgKfOTfef4Zo3cb6FwsFzvG/yCVstuYh3AuwjRszQ=','SZ+r60o=');
insert into Customer(CustomerID,NameStyle,Title,FirstName,MiddleName,LastName,Suffix,CompanyName,SalesPerson,EmailAddress,Phone,PasswordHash,PasswordSalt)values(29,0,'Mr.','Bryan','NULL','Hamilton','NULL','Cross-Country Riding Supplies ','adventure-worksjose1','bryan2@adventure-works.com','344-555-0144','ftRWIIT4oF+if+ddn1ROYXHw6PAooKFX3uALZ0uEU98=','IRNPDIw=');
insert into Customer(CustomerID,NameStyle,Title,FirstName,MiddleName,LastName,Suffix,CompanyName,SalesPerson,EmailAddress,Phone,PasswordHash,PasswordSalt)values(30,0,'Mr.','Todd','R.','Logan','NULL','Cycle Merchants ','adventure-worksgarrett1','todd0@adventure-works.com','783-555-0110','FV6z03ywMJOumcU+TEoL/Z/s4YP2fe8B3MJUUTA0CHU=','mFRhaEg=');
insert into Customer(CustomerID,NameStyle,Title,FirstName,MiddleName,LastName,Suffix,CompanyName,SalesPerson,EmailAddress,Phone,PasswordHash,PasswordSalt)values(34,0,'Ms.','Barbara','J.','German','NULL','Cycles Wholesaler & Mfg', 'adventure-worksjae0', 'barbara4@adventure-works.com ','1(11)500 555-0181','2Pyd3S3Os61yt+lfSjMgSDNwT1LL4Qs51m1ob42We40=','Jvsxxrg=');
insert into Customer(CustomerID,NameStyle,Title,FirstName,MiddleName,LastName,Suffix,CompanyName,SalesPerson,EmailAddress,Phone,PasswordHash,PasswordSalt)values(37,0,'Mr.','Jim','NULL','Geist','NULL','Two Bike Shops ','adventure-workspamela0','jim1@adventure-works.com','724-555-0161','cvqeC4fJcKwJ9jlluiWvK5/MyuSi8neLnjFDGdvzJy4=','ot8WcXk=');
insert into Customer(CustomerID,NameStyle,Title,FirstName,MiddleName,LastName,Suffix,CompanyName,SalesPerson,EmailAddress,Phone,PasswordHash,PasswordSalt)values(38,0,'Ms.','Betty','M.','Haines','NULL','Finer Mart ','adventure-worksdavid8','betty0@adventure-works.com','867-555-0114','Q/nGAVzOO1ZT/4+BQ1kwltqQyzycLA2GGmDmBBxLMnM=','6IvcbVg=');
insert into Customer(CustomerID,NameStyle,Title,FirstName,MiddleName,LastName,Suffix,CompanyName,SalesPerson,EmailAddress,Phone,PasswordHash,PasswordSalt)values(39,0,'Ms.','Sharon','J.','Looney','NULL','Fitness Hotel ','adventure-worksjillian0','sharon2@adventure-works.com','377-555-0132','Uo3kAuNh936QfPTIfPt6I6Z3+olLMRu5IC5awuzDaG8=','uHgb0IU=');
insert into Customer(CustomerID,NameStyle,Title,FirstName,MiddleName,LastName,Suffix,CompanyName,SalesPerson,EmailAddress,Phone,PasswordHash,PasswordSalt)values(40,0,'Mr.','Darren','NULL','Gehring','NULL','Journey Sporting Goods ','adventure-worksjillian0','darren0@adventure-works.com','417-555-0182','kqptixZ7LqTuOKcc7ylpabWrgWr5BDXa2fpkDxEwaCY=','Xe7grug=');
insert into Customer(CustomerID,NameStyle,Title,FirstName,MiddleName,LastName,Suffix,CompanyName,SalesPerson,EmailAddress,Phone,PasswordHash,PasswordSalt)values(41,0,'Ms.','Erin','M.','Hagens','NULL','Distant Inn ','adventure-worksshu0','erin1@adventure-works.com','244-555-0127','92Sfw/bl0dUJO9SAfoKn452VJcstSo2lgAbSPk97nRA=','8soIcx8=');
insert into Customer(CustomerID,NameStyle,Title,FirstName,MiddleName,LastName,Suffix,CompanyName,SalesPerson,EmailAddress,Phone,PasswordHash,PasswordSalt)values(42,0,'Mr.','Jeremy','NULL','Los','NULL','Healthy Activity Store ','adventure-workslinda3','jeremy0@adventure-works.com','911-555-0165','jLMkpmNutZFzWw7sSWZeqd91vtlRwaWx2Ub21mhsvlU=','JK9/WX8=');
insert into Customer(CustomerID,NameStyle,Title,FirstName,MiddleName,LastName,Suffix,CompanyName,SalesPerson,EmailAddress,Phone,PasswordHash,PasswordSalt)values(43,0,'Ms.','Elsa','NULL','Leavitt','NULL','Frugal Bike Shop ','adventure-worksshu0','elsa0@adventure-works.com','482-555-0174','BmJaM+147GrhU00kNTtaTolp0EJcarJK/SCfew4ZiYA=','YADhpPo=');
insert into Customer(CustomerID,NameStyle,Title,FirstName,MiddleName,LastName,Suffix,CompanyName,SalesPerson,EmailAddress,Phone,PasswordHash,PasswordSalt)values(46,0,'Mr.','David','O','Lawrence','NULL','Gear-Shift Bikes Limited ','adventure-worksjose1','david19@adventure-works.com','653-555-0159','HyZexVTTLfKfhx/Sb+XHQb4vta2LC1FD3OYIkpmzMlQ=','/kc6RdY=');
insert into Customer(CustomerID,NameStyle,Title,FirstName,MiddleName,LastName,Suffix,CompanyName,SalesPerson,EmailAddress,Phone,PasswordHash,PasswordSalt)values(47,0,'Ms.','Hattie','J.','Haemon','NULL','Greater Bike Store ','adventure-worksjose1','hattie0@adventure-works.com','141-555-0172','RLemw98UkhyklI9z6Kx01t3fpE6z6E9v5GdRReTdOIY=','8n38uVg=');
insert into Customer(CustomerID,NameStyle,Title,FirstName,MiddleName,LastName,Suffix,CompanyName,SalesPerson,EmailAddress,Phone,PasswordHash,PasswordSalt)values(48,0,'Ms.','Anita','R.','Lucerne','NULL','Grand Industries ','adventure-worksgarrett1','anita0@adventure-works.com','164-555-0118','YYTwMHBzX9ZM2XoYAzTo7bVfsHm05BO3Sl1+sokcRjM=','Zb6O1a0=');
insert into Customer(CustomerID,NameStyle,Title,FirstName,MiddleName,LastName,Suffix,CompanyName,SalesPerson,EmailAddress,Phone,PasswordHash,PasswordSalt)values(52,0,'Ms.','Rebecca','NULL','Laszlo','NULL','Instruments and Parts Company adventure-worksjae0 rebecca2@adventure-works.com 1 ','(11)','500','555-0155','ox4SPBzzVPKyCVoIcZvkdVLtnQlKoDXCciBGcqVAfrI=','n7ydrrc=');
insert into Customer(CustomerID,NameStyle,Title,FirstName,MiddleName,LastName,Suffix,CompanyName,SalesPerson,EmailAddress,Phone,PasswordHash,PasswordSalt)values(55,0,'Mr.','Eric','NULL','Lang','NULL','Kickstands and Accessories Company ','adventure-workspamela0','eric6@adventure-works.com','932-555-0163','katp5sn21ZqJq5Z26YRBk9XXP3iFjpsX7tNPYAAxZlI=','xw9RymE=');
insert into Customer(CustomerID,NameStyle,Title,FirstName,MiddleName,LastName,Suffix,CompanyName,SalesPerson,EmailAddress,Phone,PasswordHash,PasswordSalt)values(56,0,'Mr.','Brian','NULL','Groth','NULL','Latest Accessories Sales ','adventure-worksdavid8','brian5@adventure-works.com','461-555-0118','tbk7TwAC5jsqEhFRRIhnL9kPBoTy3XS+EjlReKVp5mw=','hpOsvJU=');
insert into Customer(CustomerID,NameStyle,Title,FirstName,MiddleName,LastName,Suffix,CompanyName,SalesPerson,EmailAddress,Phone,PasswordHash,PasswordSalt)values(57,0,'Ms.','Judy','R.','Lundahl','NULL','Leading Sales & Repair ','adventure-worksjillian0','judy1@adventure-works.com','260-555-0130','VzG/BDjkh2mMWAn2eZ/FQDI5/pGurtzdCfxTaCf6zAs=','N5Ajt+s=');
insert into Customer(CustomerID,NameStyle,Title,FirstName,MiddleName,LastName,Suffix,CompanyName,SalesPerson,EmailAddress,Phone,PasswordHash,PasswordSalt)values(58,0,'Mr.','Peter','NULL','Kurniawan','NULL','Largest Bike Store ','adventure-worksjillian0','peter4@adventure-works.com','436-555-0160','el1s9e+hWeb+79bwrhU+hxHEyJN+j6tR8vWyKJDZmTs=','QgzjTPU=');
insert into Customer(CustomerID,NameStyle,Title,FirstName,MiddleName,LastName,Suffix,CompanyName,SalesPerson,EmailAddress,Phone,PasswordHash,PasswordSalt)values(59,0,'Mr.','Douglas','NULL','Groncki','NULL','Locks Company ','adventure-worksshu0','douglas2@adventure-works.com','385-555-0140','J9nhrWh6kpc/dGBkN7HRxrrbquy1Rit9UMPv9rbYjBs=','KiAAI5M=');
insert into Customer(CustomerID,NameStyle,Title,FirstName,MiddleName,LastName,Suffix,CompanyName,SalesPerson,EmailAddress,Phone,PasswordHash,PasswordSalt)values(60,0,'Mr.','Sean','J.','Lunt','NULL','Main Bicycle Services ','adventure-workslinda3','sean4@adventure-works.com','183-555-0111','NCIEHFdWOrgXFDd6SE817buY5XNWSBCQZlOsgOGIP2E=','eK6Wzw0=');
insert into Customer(CustomerID,NameStyle,Title,FirstName,MiddleName,LastName,Suffix,CompanyName,SalesPerson,EmailAddress,Phone,PasswordHash,PasswordSalt)values(61,0,'Mr.','Jeffrey','NULL','Kurtz','NULL','Many Bikes Store ','adventure-worksshu0','jeffrey3@adventure-works.com','452-555-0179','zn3Nk0+i/zyvxFNh3OziN2Pxa3NfiIlVMJ9Ox86ytao=','5MZXwF4=');
insert into Customer(CustomerID,NameStyle,Title,FirstName,MiddleName,LastName,Suffix,CompanyName,SalesPerson,EmailAddress,Phone,PasswordHash,PasswordSalt)values(64,0,'Mr.','Vamsi','NULL','Kuppa','NULL','Metal Clearing House ','adventure-worksjose1','vamsi1@adventure-works.com','290-555-0196','6p4SZnWdWPrBclHkaWFeooblNWE+Y4VJiuTM9hyonDI=','HaDRSbY=');
insert into Customer(CustomerID,NameStyle,Title,FirstName,MiddleName,LastName,Suffix,CompanyName,SalesPerson,EmailAddress,Phone,PasswordHash,PasswordSalt)values(65,0,'Ms.','Jane','P.','Greer','NULL','Metro Manufacturing ','adventure-worksjose1','jane2@adventure-works.com','737-555-0163','gCWE10xc3haq9E82Ksvg2GS6WBBD0H0ZF25YAS0CfJ8=','qxbTTkE=');
insert into Customer(CustomerID,NameStyle,Title,FirstName,MiddleName,LastName,Suffix,CompanyName,SalesPerson,EmailAddress,Phone,PasswordHash,PasswordSalt)values(66,0,'Mr.','Alexander','J.','Deborde','NULL','Neighborhood Store ','adventure-worksgarrett1','alexander1@adventure-works.com','394-555-0176','QC+He1HXF5uNbU5XqduVyZW0SlvdnAE2jhuD/06ukjE=','Uifpoxw=');
insert into Customer(CustomerID,NameStyle,Title,FirstName,MiddleName,LastName,Suffix,CompanyName,SalesPerson,EmailAddress,Phone,PasswordHash,PasswordSalt)values(70,0,'Mr.','Deepak','NULL','Kumar','NULL','Outdoor Aerobic Systems Company adventure-worksjae0 deepak0@adventure-works.com 1 ','(11)','500','555-0122','0d3F0pfNxXFKEufM738j3/fA0at2eUlZA8ibqRnMr7M=','6fOTb8g=');
insert into Customer(CustomerID,NameStyle,Title,FirstName,MiddleName,LastName,Suffix,CompanyName,SalesPerson,EmailAddress,Phone,PasswordHash,PasswordSalt)values(73,0,'Ms.','Margaret','T.','Krupka','NULL','Outdoor Sports Supply ','adventure-workspamela0','margaret1@adventure-works.com','107-555-0132','dI+A6Ikk6Eh9ypKYxrAEHGdSxjzUhy8bEyDdFjggW9g=','09k9Tis=');
insert into Customer(CustomerID,NameStyle,Title,FirstName,MiddleName,LastName,Suffix,CompanyName,SalesPerson,EmailAddress,Phone,PasswordHash,PasswordSalt)values(74,0,'Mr.','Christopher','M.','Bright','NULL','Parcel Express Delivery Service ','adventure-worksdavid8','christopher2@adventure-works.com','162-555-0166','jIw8zSChmDX3xmVInKUV46U77LBgW9C5vlIMvK4NqF8=','J9DNyhU=');
insert into Customer(CustomerID,NameStyle,Title,FirstName,MiddleName,LastName,Suffix,CompanyName,SalesPerson,EmailAddress,Phone,PasswordHash,PasswordSalt)values(75,0,'Ms.','Aidan','NULL','Delaney','NULL','Paint Supply ','adventure-worksjillian0','aidan0@adventure-works.com','358-555-0188','6lcVqEc4gGgfW6DsOks/KuDIWIP5qFsrc8sXtmcwj6E=','DKu7/UM=');
insert into Customer(CustomerID,NameStyle,Title,FirstName,MiddleName,LastName,Suffix,CompanyName,SalesPerson,EmailAddress,Phone,PasswordHash,PasswordSalt)values(76,0,'Mr.','James','J.','Krow','NULL','Out-of-the-Way Hotels ','adventure-worksjillian0','james11@adventure-works.com','265-555-0190','I2HiduC1LR4LnxkLk1SFZ0OCyPveKfbQ6Q4mjKnPiyA=','PJEpZaA=');
insert into Customer(CustomerID,NameStyle,Title,FirstName,MiddleName,LastName,Suffix,CompanyName,SalesPerson,EmailAddress,Phone,PasswordHash,PasswordSalt)values(77,0,'Mr.','Michael','NULL','Brundage','NULL','Mechanical Products Ltd. ','adventure-worksshu0','michael13@adventure-works.com','128-555-0148','Ioh5Ss2cXrUAI8DZcSkQ/z92aEmHE0Wxqc6MdggjJQE=','MjQeaAE=');
--CustomerAddress--
INSERT INTO CustomerAddress (CustomerID, AddressID, AddressType) VALUES(1, 832, 'Main Office');
INSERT INTO CustomerAddress (CustomerID, AddressID, AddressType) VALUES(2, 833, 'Main Office');
INSERT INTO CustomerAddress (CustomerID, AddressID, AddressType) VALUES(2, 297, 'Shipping');
INSERT INTO CustomerAddress (CustomerID, AddressID, AddressType) VALUES(3, 559, 'Main Office');
INSERT INTO CustomerAddress (CustomerID, AddressID, AddressType) VALUES(4, 560, 'Main Office');
INSERT INTO CustomerAddress (CustomerID, AddressID, AddressType) VALUES(4, 11380, 'Shipping');
INSERT INTO CustomerAddress (CustomerID, AddressID, AddressType) VALUES(5, 988, 'Main Office');
INSERT INTO CustomerAddress (CustomerID, AddressID, AddressType) VALUES(6, 989, 'Main Office');
INSERT INTO CustomerAddress (CustomerID, AddressID, AddressType) VALUES(7, 990, 'Main Office');
INSERT INTO CustomerAddress (CustomerID, AddressID, AddressType) VALUES(10, 445, 'Main Office');
INSERT INTO CustomerAddress (CustomerID, AddressID, AddressType) VALUES(11, 446, 'Main Office');
INSERT INTO CustomerAddress (CustomerID, AddressID, AddressType) VALUES(12, 447, 'Main Office');
INSERT INTO CustomerAddress (CustomerID, AddressID, AddressType) VALUES(16, 635, 'Main Office');
INSERT INTO CustomerAddress (CustomerID, AddressID, AddressType) VALUES(18, 756, 'Main Office');
INSERT INTO CustomerAddress (CustomerID, AddressID, AddressType) VALUES(19, 834, 'Main Office');
INSERT INTO CustomerAddress (CustomerID, AddressID, AddressType) VALUES(19, 11, 'Shipping');
INSERT INTO CustomerAddress (CustomerID, AddressID, AddressType) VALUES(20, 835, 'Main Office');
INSERT INTO CustomerAddress (CustomerID, AddressID, AddressType) VALUES(21, 561, 'Main Office');
INSERT INTO CustomerAddress (CustomerID, AddressID, AddressType) VALUES(22, 562, 'Main Office');
INSERT INTO CustomerAddress (CustomerID, AddressID, AddressType) VALUES(23, 991, 'Main Office');
INSERT INTO CustomerAddress (CustomerID, AddressID, AddressType) VALUES(24, 992, 'Main Office');
INSERT INTO CustomerAddress (CustomerID, AddressID, AddressType) VALUES(25, 993, 'Main Office');
INSERT INTO CustomerAddress (CustomerID, AddressID, AddressType) VALUES(28, 448, 'Main Office');
INSERT INTO CustomerAddress (CustomerID, AddressID, AddressType) VALUES(29, 449, 'Main Office');
INSERT INTO CustomerAddress (CustomerID, AddressID, AddressType) VALUES(30, 450, 'Main Office');
INSERT INTO CustomerAddress (CustomerID, AddressID, AddressType) VALUES(34, 636, 'Main Office');
INSERT INTO CustomerAddress (CustomerID, AddressID, AddressType) VALUES(37, 836, 'Main Office');
INSERT INTO CustomerAddress (CustomerID, AddressID, AddressType) VALUES(38, 837, 'Main Office');
INSERT INTO CustomerAddress (CustomerID, AddressID, AddressType) VALUES(39, 563, 'Main Office');
INSERT INTO CustomerAddress (CustomerID, AddressID, AddressType) VALUES(40, 564, 'Main Office');
INSERT INTO CustomerAddress (CustomerID, AddressID, AddressType) VALUES(41, 994, 'Main Office');
INSERT INTO CustomerAddress (CustomerID, AddressID, AddressType) VALUES(42, 995, 'Main Office');
INSERT INTO CustomerAddress (CustomerID, AddressID, AddressType) VALUES(43, 996, 'Main Office');
INSERT INTO CustomerAddress (CustomerID, AddressID, AddressType) VALUES(46, 451, 'Main Office');
INSERT INTO CustomerAddress (CustomerID, AddressID, AddressType) VALUES(47, 452, 'Main Office');
INSERT INTO CustomerAddress (CustomerID, AddressID, AddressType) VALUES(48, 453, 'Main Office');
INSERT INTO CustomerAddress (CustomerID, AddressID, AddressType) VALUES(52, 637, 'Main Office');
INSERT INTO CustomerAddress (CustomerID, AddressID, AddressType) VALUES(55, 838, 'Main Office');
INSERT INTO CustomerAddress (CustomerID, AddressID, AddressType) VALUES(56, 839, 'Main Office');
INSERT INTO CustomerAddress (CustomerID, AddressID, AddressType) VALUES(57, 565, 'Main Office');
INSERT INTO CustomerAddress (CustomerID, AddressID, AddressType) VALUES(58, 566, 'Main Office');
INSERT INTO CustomerAddress (CustomerID, AddressID, AddressType) VALUES(59, 997, 'Main Office');
INSERT INTO CustomerAddress (CustomerID, AddressID, AddressType) VALUES(60, 998, 'Main Office');
INSERT INTO CustomerAddress (CustomerID, AddressID, AddressType) VALUES(61, 999, 'Main Office');
INSERT INTO CustomerAddress (CustomerID, AddressID, AddressType) VALUES(64, 454, 'Main Office');
INSERT INTO CustomerAddress (CustomerID, AddressID, AddressType) VALUES(65, 455, 'Main Office');
INSERT INTO CustomerAddress (CustomerID, AddressID, AddressType) VALUES(66, 456, 'Main Office');
INSERT INTO CustomerAddress (CustomerID, AddressID, AddressType) VALUES(70, 638, 'Main Office');
INSERT INTO CustomerAddress (CustomerID, AddressID, AddressType) VALUES(73, 840, 'Main Office');
INSERT INTO CustomerAddress (CustomerID, AddressID, AddressType) VALUES(74, 841, 'Main Office');
/* Productmodel*/
insert into ProductModel(ProductModelID,Name,CatalogDescription) values(1,'Classic Vest ',NULL);
insert into ProductModel(ProductModelID,Name,CatalogDescription) values(2,'Cycling Cap ',NULL);
insert into ProductModel(ProductModelID,Name,CatalogDescription) values(3,'Full-Finger Gloves ',NULL);
insert into ProductModel(ProductModelID,Name,CatalogDescription) values(4,'Half-Finger Gloves ',NULL);
insert into ProductModel(ProductModelID,Name,CatalogDescription) values(5,'HL Mountain Frame ',NULL);
insert into ProductModel(ProductModelID,Name,CatalogDescription) values(6,'HL Road Frame ',NULL);
insert into ProductModel(ProductModelID,Name,CatalogDescription) values(7,'HL Touring Frame ',NULL);
insert into ProductModel(ProductModelID,Name,CatalogDescription) values(8,'LL Mountain Frame ',NULL);
insert into ProductModel(ProductModelID,Name,CatalogDescription) values(9,'LL Road Frame ',NULL);
insert into ProductModel(ProductModelID,Name,CatalogDescription) values(10,'LL Touring Frame ',NULL);
insert into ProductModel(ProductModelID,Name,CatalogDescription) values(11,'Long-Sleeve Logo Jersey ',NULL);
insert into ProductModel(ProductModelID,Name,CatalogDescription) values(12,'Men''s Bib-Shorts ',NULL);
insert into ProductModel(ProductModelID,Name,CatalogDescription) values(13,'Men''s Sports Shorts ',NULL);
insert into ProductModel(ProductModelID,Name,CatalogDescription) values(14,'ML Mountain Frame ',NULL);
insert into ProductModel(ProductModelID,Name,CatalogDescription) values(15,'ML Mountain Frame-W ',NULL);
insert into ProductModel(ProductModelID,Name,CatalogDescription) values(16,'ML Road Frame ',NULL);
insert into ProductModel(ProductModelID,Name,CatalogDescription) values(17,'ML Road Frame-W ',NULL);
insert into ProductModel(ProductModelID,Name,CatalogDescription) values(18,'Mountain Bike Socks ',NULL);
insert into ProductModel(ProductModelID,Name,CatalogDescription) values(19,'Mountain-100 ',NULL);
insert into ProductModel(ProductModelID,Name,CatalogDescription) values(20,'Mountain-200 ',NULL);
insert into ProductModel(ProductModelID,Name,CatalogDescription) values(21,'Mountain-300 ',NULL);
insert into ProductModel(ProductModelID,Name,CatalogDescription) values(22,'Mountain-400-W ',NULL);
insert into ProductModel(ProductModelID,Name,CatalogDescription) values(23,'Mountain-500 ',NULL);
insert into ProductModel(ProductModelID,Name,CatalogDescription) values(24,'Racing Socks ',NULL);
insert into ProductModel(ProductModelID,Name,CatalogDescription) values(25,'Road-150 ',NULL);
insert into ProductModel(ProductModelID,Name,CatalogDescription) values(26,'Road-250 ',NULL);
insert into ProductModel(ProductModelID,Name,CatalogDescription) values(27,'Road-350-W ',NULL);
insert into ProductModel(ProductModelID,Name,CatalogDescription) values(28,'Road-450 ',NULL);
insert into ProductModel(ProductModelID,Name,CatalogDescription) values(29,'Road-550-W ',NULL);
insert into ProductModel(ProductModelID,Name,CatalogDescription) values(30,'Road-650 ',NULL);
insert into ProductModel(ProductModelID,Name,CatalogDescription) values(31,'Road-750 ',NULL);
insert into ProductModel(ProductModelID,Name,CatalogDescription) values(32,'Short-Sleeve Classic Jersey ',NULL);
insert into ProductModel(ProductModelID,Name,CatalogDescription) values(33,'Sport-100 ',NULL);
insert into ProductModel(ProductModelID,Name,CatalogDescription) values(34,'Touring-1000 ',NULL);
insert into ProductModel(ProductModelID,Name,CatalogDescription) values(35,'Touring-2000 ',NULL);
insert into ProductModel(ProductModelID,Name,CatalogDescription) values(36,'Touring-3000 ',NULL);
insert into ProductModel(ProductModelID,Name,CatalogDescription) values(37,'Women''s Mountain Shorts ',NULL);
insert into ProductModel(ProductModelID,Name,CatalogDescription) values(38,'Women''s Tights ',NULL);
insert into ProductModel(ProductModelID,Name,CatalogDescription) values(39,'Mountain-400 ',NULL);
insert into ProductModel(ProductModelID,Name,CatalogDescription) values(40,'Road-550 ',NULL);
insert into ProductModel(ProductModelID,Name,CatalogDescription) values(41,'Road-350 ',NULL);
insert into ProductModel(ProductModelID,Name,CatalogDescription) values(42,'LL Mountain Front Wheel ',NULL);
insert into ProductModel(ProductModelID,Name,CatalogDescription) values(43,'Touring Rear Wheel ',NULL);
insert into ProductModel(ProductModelID,Name,CatalogDescription) values(44,'Touring Front Wheel ',NULL);
insert into ProductModel(ProductModelID,Name,CatalogDescription) values(45,'ML Mountain Front Wheel ',NULL);
insert into ProductModel(ProductModelID,Name,CatalogDescription) values(46,'HL Mountain Front Wheel ',NULL);
insert into ProductModel(ProductModelID,Name,CatalogDescription) values(47,'LL Touring Handlebars ',NULL);
insert into ProductModel(ProductModelID,Name,CatalogDescription) values(48,'HL Touring Handlebars ',NULL);
insert into ProductModel(ProductModelID,Name,CatalogDescription) values(49,'LL Road Front Wheel ',NULL);
insert into ProductModel(ProductModelID,Name,CatalogDescription) values(50,'ML Road Front Wheel ',NULL);
/*ProductModelProductDescription*/
insert into ProductModelProductDescription(ProductModelID,ProductDescriptionID,Culture) values(1,1199,'en');
insert into ProductModelProductDescription(ProductModelID,ProductDescriptionID,Culture) values(1,1467,'ar');
insert into ProductModelProductDescription(ProductModelID,ProductDescriptionID,Culture) values(1,1589,'fr');
insert into ProductModelProductDescription(ProductModelID,ProductDescriptionID,Culture) values(1,1712,'th');
insert into ProductModelProductDescription(ProductModelID,ProductDescriptionID,Culture) values(1,1838,'he');
insert into ProductModelProductDescription(ProductModelID,ProductDescriptionID,Culture) values(1,1965,'zh-ch');
insert into ProductModelProductDescription(ProductModelID,ProductDescriptionID,Culture) values(2,1210,'en');
insert into ProductModelProductDescription(ProductModelID,ProductDescriptionID,Culture) values(2,1476,'ar');
insert into ProductModelProductDescription(ProductModelID,ProductDescriptionID,Culture) values(2,1598,'fr');
insert into ProductModelProductDescription(ProductModelID,ProductDescriptionID,Culture) values(2,1721,'th');
insert into ProductModelProductDescription(ProductModelID,ProductDescriptionID,Culture) values(2,1847,'he');
insert into ProductModelProductDescription(ProductModelID,ProductDescriptionID,Culture) values(2,1974,'zh-cht');
insert into ProductModelProductDescription(ProductModelID,ProductDescriptionID,Culture) values(3,1195,'en');
insert into ProductModelProductDescription(ProductModelID,ProductDescriptionID,Culture) values(3,1464,'ar');
insert into ProductModelProductDescription(ProductModelID,ProductDescriptionID,Culture) values(3,1586,'fr');
insert into ProductModelProductDescription(ProductModelID,ProductDescriptionID,Culture) values(3,1709,'th');
insert into ProductModelProductDescription(ProductModelID,ProductDescriptionID,Culture) values(3,1835,'he');
insert into ProductModelProductDescription(ProductModelID,ProductDescriptionID,Culture) values(3,1961,'zh-cht');
insert into ProductModelProductDescription(ProductModelID,ProductDescriptionID,Culture) values(4,1194,'en');
insert into ProductModelProductDescription(ProductModelID,ProductDescriptionID,Culture) values(4,1463,'ar');
insert into ProductModelProductDescription(ProductModelID,ProductDescriptionID,Culture) values(4,1585,'fr');
insert into ProductModelProductDescription(ProductModelID,ProductDescriptionID,Culture) values(4,1708,'th');
insert into ProductModelProductDescription(ProductModelID,ProductDescriptionID,Culture) values(4,1834,'he');
insert into ProductModelProductDescription(ProductModelID,ProductDescriptionID,Culture) values(4,1960,'zh-cht');
insert into ProductModelProductDescription(ProductModelID,ProductDescriptionID,Culture) values(5,647,'en');
insert into ProductModelProductDescription(ProductModelID,ProductDescriptionID,Culture) values(5,1400,'ar');
insert into ProductModelProductDescription(ProductModelID,ProductDescriptionID,Culture) values(5,1605,'fr');
insert into ProductModelProductDescription(ProductModelID,ProductDescriptionID,Culture) values(5,1639,'th');
insert into ProductModelProductDescription(ProductModelID,ProductDescriptionID,Culture) values(5,1768,'he');
insert into ProductModelProductDescription(ProductModelID,ProductDescriptionID,Culture) values(5,1889,'zh-cht');
insert into ProductModelProductDescription(ProductModelID,ProductDescriptionID,Culture) values(6,1090,'en');
insert into ProductModelProductDescription(ProductModelID,ProductDescriptionID,Culture) values(6,1451,'ar');
insert into ProductModelProductDescription(ProductModelID,ProductDescriptionID,Culture) values(6,1573,'fr');
insert into ProductModelProductDescription(ProductModelID,ProductDescriptionID,Culture) values(6,1696,'th');
insert into ProductModelProductDescription(ProductModelID,ProductDescriptionID,Culture) values(6,1827,'he');
insert into ProductModelProductDescription(ProductModelID,ProductDescriptionID,Culture) values(6,1948,'zh-cht');
insert into ProductModelProductDescription(ProductModelID,ProductDescriptionID,Culture) values(7,1182,'en');
insert into ProductModelProductDescription(ProductModelID,ProductDescriptionID,Culture) values(7,1453,'ar');
insert into ProductModelProductDescription(ProductModelID,ProductDescriptionID,Culture) values(7,1575,'fr');
insert into ProductModelProductDescription(ProductModelID,ProductDescriptionID,Culture) values(7,1698,'th');
insert into ProductModelProductDescription(ProductModelID,ProductDescriptionID,Culture) values(7,1829,'he');
insert into ProductModelProductDescription(ProductModelID,ProductDescriptionID,Culture) values(7,1950,'zh-cht');
insert into ProductModelProductDescription(ProductModelID,ProductDescriptionID,Culture) values(8,637,'en');
insert into ProductModelProductDescription(ProductModelID,ProductDescriptionID,Culture) values(8,1397,'ar');
insert into ProductModelProductDescription(ProductModelID,ProductDescriptionID,Culture) values(8,1514,'fr');
insert into ProductModelProductDescription(ProductModelID,ProductDescriptionID,Culture) values(8,1636,'th');
insert into ProductModelProductDescription(ProductModelID,ProductDescriptionID,Culture) values(8,1759,'he');
insert into ProductModelProductDescription(ProductModelID,ProductDescriptionID,Culture) values(8,1886,'zh-cht');
insert into ProductModelProductDescription(ProductModelID,ProductDescriptionID,Culture) values(9,1020,'en');
insert into ProductModelProductDescription(ProductModelID,ProductDescriptionID,Culture) values(9,1449,'ar');