--Customer--
INSERT INTO Customer Values(1,'0','Mr.','Orlando','N.','Gee','NULL','A Bike Store','adventure-workspamela0','orlando0@adventure-works.com','245-555-0173','L/Rlwxzp4w7RWmEgXX+/A7cXaePEPcp+KwQhl2fJL7w=','1KjXYs4='); 
INSERT INTO Customer Values(2,'0','Mr.','Keith','NULL','Harris','NULL','Progressive Sports','adventure-worksdavid8','keith0@adventure-works.com','170-555-0127','YPdtRdvqeAhj6wyxEsFdshBDNXxkCXn+CRgbvJItknw=','fs1ZGhY='); 
INSERT INTO Customer Values(3,'0','Ms.','Donna','F.','Carreras','NULL','Advanced Bike Components','adventure-worksjillian0','donna0@adventure-works.com','279-555-0130','LNoK27abGQo48gGue3EBV/UrlYSToV0/s87dCRV7uJk=','YTNH5Rw='); 
INSERT INTO Customer Values(4,'0','Ms.','Janet','M.','Gates','NULL','Modular Cycle Systems','adventure-worksjillian0','janet1@adventure-works.com','710-555-0173','ElzTpSNbUW1Ut+L5cWlfR7MF6nBZia8WpmGaQPjLOJA=','nm7D5e4='); 
INSERT INTO Customer Values(5,'0','Mr.','Lucy','NULL','Harrington','NULL','Metropolitan Sports Supply','adventure-worksshu0','lucy0@adventure-works.com','828-555-0186','KJqV15wsX3PG8TS5GSddp6LFFVdd3CoRftZM/tP0+R4=','cNFKU4w='); 
INSERT INTO Customer Values(6,'0','Ms.','Rosmarie','J.','Carroll','NULL','Aerobic Exercise Company','adventure-workslinda3','rosmarie0@adventure-works.com','244-555-0112','OKT0scizCdIzymHHOtyJKQiC/fCILSooSZ8dQ2Y34VM=','ihWf50M='); 
INSERT INTO Customer Values(7,'0','Mr.','Dominic','P.','Gash','NULL','Associated Bikes','adventure-worksshu0','dominic0@adventure-works.com','192-555-0173','ZccoP/jZGQm+Xpzc7RKwDhS11YFNybwcPVRYTSNcnSg=','sPoUBSQ='); 
INSERT INTO Customer Values(10,'0','Ms.','Kathleen','M.','Garza','NULL','Rural Cycle Emporium','adventure-worksjose1','kathleen0@adventure-works.com','150-555-0127','Qa3aMCxNbVLGrc0b99KsbQqiVgwYDfHcsK9GZSUxcTM=','Ls05W3g='); 
INSERT INTO Customer Values(11,'0','Ms.','Katherine','NULL','Harding','NULL','Sharp Bikes','adventure-worksjose1','katherine0@adventure-works.com','926-555-0159','uRlorVzDGNJIX9I+ehTlRK+liT4UKRgWhApJgUMC2d4=','jpHKbqE='); 
INSERT INTO Customer Values(12,'0','Mr.','Johnny','A.','Caprio','Jr.','Bikes and Motorbikes','adventure-worksgarrett1','johnny0@adventure-works.com','112-555-0191','jtF9jBoFYeJTaET7x+eJDkd7BzMz15Wo9odbGPBaIak=','wVLnvHo='); 
INSERT INTO Customer Values(16,'0','Mr.','Christopher','R.','Beck','Jr.','Bulk Discount Store','adventure-worksjae0','christopher1@adventure-works.com','1 (11) 500 555-0132','sKt9daCzEEKWAzivEGPOp8tmaM1R3I+aJfcBjzJRFLo=','8KfYx/4='); 
INSERT INTO Customer Values(18,'0','Mr.','David','J.','Liu','NULL','Catalog Store','adventure-worksmichael9','david20@adventure-works.com','440-555-0132','61zeTkO+eI5g8GG0swny8Wp/6GzZMFnT71fnW4lTHNY=','c7Ttvv0='); 
INSERT INTO Customer Values(19,'0','Mr.','John','A.','Beaver','NULL','Center Cycle Shop','adventure-workspamela0','john8@adventure-works.com','521-555-0195','DzbqWX7B3EK5Dub92CKHYSUGKGbZCbrcVDpVe/xyBeI=','zXNgrJw='); 
INSERT INTO Customer Values(20,'0','Ms.','Jean','P.','Handley','NULL','Central Discount Store','adventure-worksdavid8','jean1@adventure-works.com','582-555-0113','o1GVo3vExeNzo0/ctdRGf2eDK3uzTlcUbr18tN+Slf8=','uMsvfdo='); 
INSERT INTO Customer Values(21,'0','NULL','Jinghao','NULL','Liu','NULL','Chic Department Stores','adventure-worksjillian0','jinghao1@adventure-works.com','928-555-0116','IaD5AeqK9mRiIrJi/etZGVO6EiybLf/oksA2CqrpoJ0=','p6pOqKc='); 
INSERT INTO Customer Values(22,'0','Ms.','Linda','E.','Burnett','NULL','Travel Systems','adventure-worksjillian0','linda4@adventure-works.com','121-555-0121','23AwhujCoXYSPiN/B+G8Z9rk36xl35EbdLT7akTMTqU=','SmyIPjE='); 
INSERT INTO Customer Values(23,'0','Mr.','Kerim','NULL','Hanif','NULL','Bike World','adventure-worksshu0','kerim0@adventure-works.com','216-555-0122','d0WSjosAd7Y3XOWjNAkoTClCb50vwPuAawOSI1iosgs=','33g5co8='); 
INSERT INTO Customer Values(24,'0','Mr.','Kevin','NULL','Liu','NULL','Eastside Department Store','adventure-workslinda3','kevin5@adventure-works.com','926-555-0164','ylTpkIOHKLcjihNjS0j/k10eOHOsWQMNhlbuOCp+UTY=','TgZnUOg='); 
INSERT INTO Customer Values(25,'0','Mr.','Donald','L.','Blanton','NULL','Coalition Bike Company','adventure-worksshu0','donald0@adventure-works.com','357-555-0161','pKYDelLBOZMO98GBzhMxBSzzE0gUYKx9dXzYTYNuBgw=','jKtOaOw='); 
INSERT INTO Customer Values(28,'0','Ms.','Jackie','E.','Blackwell','NULL','Commuter Bicycle Store','adventure-worksjose1','jackie0@adventure-works.com','972-555-0163','wqhgKfOTfef4Zo3cb6FwsFzvG/yCVstuYh3AuwjRszQ=','SZ+r60o='); 
INSERT INTO Customer Values(29,'0','Mr.','Bryan','NULL','Hamilton','NULL','Cross-Country Riding Supplies','adventure-worksjose1','bryan2@adventure-works.com','344-555-0144','ftRWIIT4oF+if+ddn1ROYXHw6PAooKFX3uALZ0uEU98=','IRNPDIw='); 
INSERT INTO Customer Values(30,'0','Mr.','Todd','R.','Logan','NULL','Cycle Merchants','adventure-worksgarrett1','todd0@adventure-works.com','783-555-0110','FV6z03ywMJOumcU+TEoL/Z/s4YP2fe8B3MJUUTA0CHU=','mFRhaEg='); 
INSERT INTO Customer Values(34,'0','Ms.','Barbara','J.','German','NULL','Cycles Wholesaler and Mfg.','adventure-worksjae0','barbara4@adventure-works.com','1 (11) 500 555-0181','2Pyd3S3Os61yt+lfSjMgSDNwT1LL4Qs51m1ob42We40=','Jvsxxrg='); 
INSERT INTO Customer Values(37,'0','Mr.','Jim','NULL','Geist','NULL','Two Bike Shops','adventure-workspamela0','jim1@adventure-works.com','724-555-0161','cvqeC4fJcKwJ9jlluiWvK5/MyuSi8neLnjFDGdvzJy4=','ot8WcXk='); 
INSERT INTO Customer Values(38,'0','Ms.','Betty','M.','Haines','NULL','Finer Mart','adventure-worksdavid8','betty0@adventure-works.com','867-555-0114','Q/nGAVzOO1ZT/4+BQ1kwltqQyzycLA2GGmDmBBxLMnM=','6IvcbVg='); 
INSERT INTO Customer Values(39,'0','Ms.','Sharon','J.','Looney','NULL','Fitness Hotel','adventure-worksjillian0','sharon2@adventure-works.com','377-555-0132','Uo3kAuNh936QfPTIfPt6I6Z3+olLMRu5IC5awuzDaG8=','uHgb0IU='); 
INSERT INTO Customer Values(40,'0','Mr.','Darren','NULL','Gehring','NULL','Journey Sporting Goods','adventure-worksjillian0','darren0@adventure-works.com','417-555-0182','kqptixZ7LqTuOKcc7ylpabWrgWr5BDXa2fpkDxEwaCY=','Xe7grug='); 
INSERT INTO Customer Values(41,'0','Ms.','Erin','M.','Hagens','NULL','Distant Inn','adventure-worksshu0','erin1@adventure-works.com','244-555-0127','92Sfw/bl0dUJO9SAfoKn452VJcstSo2lgAbSPk97nRA=','8soIcx8='); 
INSERT INTO Customer Values(42,'0','Mr.','Jeremy','NULL','Los','NULL','Healthy Activity Store','adventure-workslinda3','jeremy0@adventure-works.com','911-555-0165','jLMkpmNutZFzWw7sSWZeqd91vtlRwaWx2Ub21mhsvlU=','JK9/WX8='); 
INSERT INTO Customer Values(43,'0','Ms.','Elsa','NULL','Leavitt','NULL','Frugal Bike Shop','adventure-worksshu0','elsa0@adventure-works.com','482-555-0174','BmJaM+147GrhU00kNTtaTolp0EJcarJK/SCfew4ZiYA=','YADhpPo='); 
INSERT INTO Customer Values(46,'0','Mr.','David','O','Lawrence','NULL','Gear-Shift Bikes Limited','adventure-worksjose1','david19@adventure-works.com','653-555-0159','HyZexVTTLfKfhx/Sb+XHQb4vta2LC1FD3OYIkpmzMlQ=','/kc6RdY='); 
INSERT INTO Customer Values(47,'0','Ms.','Hattie','J.','Haemon','NULL','Greater Bike Store','adventure-worksjose1','hattie0@adventure-works.com','141-555-0172','RLemw98UkhyklI9z6Kx01t3fpE6z6E9v5GdRReTdOIY=','8n38uVg='); 
INSERT INTO Customer Values(48,'0','Ms.','Anita','R.','Lucerne','NULL','Grand Industries','adventure-worksgarrett1','anita0@adventure-works.com','164-555-0118','YYTwMHBzX9ZM2XoYAzTo7bVfsHm05BO3Sl1+sokcRjM=','Zb6O1a0='); 
INSERT INTO Customer Values(52,'0','Ms.','Rebecca','NULL','Laszlo','NULL','Instruments and Parts Company','adventure-worksjae0','rebecca2@adventure-works.com','1 (11) 500 555-0155','ox4SPBzzVPKyCVoIcZvkdVLtnQlKoDXCciBGcqVAfrI=','n7ydrrc='); 
INSERT INTO Customer Values(55,'0','Mr.','Eric','NULL','Lang','NULL','Kickstands and Accessories Company','adventure-workspamela0','eric6@adventure-works.com','932-555-0163','katp5sn21ZqJq5Z26YRBk9XXP3iFjpsX7tNPYAAxZlI=','xw9RymE='); 
INSERT INTO Customer Values(56,'0','Mr.','Brian','NULL','Groth','NULL','Latest Accessories Sales','adventure-worksdavid8','brian5@adventure-works.com','461-555-0118','tbk7TwAC5jsqEhFRRIhnL9kPBoTy3XS+EjlReKVp5mw=','hpOsvJU='); 
INSERT INTO Customer Values(57,'0','Ms.','Judy','R.','Lundahl','NULL','Leading Sales and Repair','adventure-worksjillian0','judy1@adventure-works.com','260-555-0130','VzG/BDjkh2mMWAn2eZ/FQDI5/pGurtzdCfxTaCf6zAs=','N5Ajt+s='); 
INSERT INTO Customer Values(58,'0','Mr.','Peter','NULL','Kurniawan','NULL','Largest Bike Store','adventure-worksjillian0','peter4@adventure-works.com','436-555-0160','el1s9e+hWeb+79bwrhU+hxHEyJN+j6tR8vWyKJDZmTs=','QgzjTPU='); 
INSERT INTO Customer Values(59,'0','Mr.','Douglas','NULL','Groncki','NULL','Locks Company','adventure-worksshu0','douglas2@adventure-works.com','385-555-0140','J9nhrWh6kpc/dGBkN7HRxrrbquy1Rit9UMPv9rbYjBs=','KiAAI5M='); 
INSERT INTO Customer Values(60,'0','Mr.','Sean','J.','Lunt','NULL','Main Bicycle Services','adventure-workslinda3','sean4@adventure-works.com','183-555-0111','NCIEHFdWOrgXFDd6SE817buY5XNWSBCQZlOsgOGIP2E=','eK6Wzw0='); 
INSERT INTO Customer Values(61,'0','Mr.','Jeffrey','NULL','Kurtz','NULL','Many Bikes Store','adventure-worksshu0','jeffrey3@adventure-works.com','452-555-0179','zn3Nk0+i/zyvxFNh3OziN2Pxa3NfiIlVMJ9Ox86ytao=','5MZXwF4='); 
INSERT INTO Customer Values(64,'0','Mr.','Vamsi','NULL','Kuppa','NULL','Metal Clearing House','adventure-worksjose1','vamsi1@adventure-works.com','290-555-0196','6p4SZnWdWPrBclHkaWFeooblNWE+Y4VJiuTM9hyonDI=','HaDRSbY='); 
INSERT INTO Customer Values(65,'0','Ms.','Jane','P.','Greer','NULL','Metro Manufacturing','adventure-worksjose1','jane2@adventure-works.com','737-555-0163','gCWE10xc3haq9E82Ksvg2GS6WBBD0H0ZF25YAS0CfJ8=','qxbTTkE='); 
INSERT INTO Customer Values(66,'0','Mr.','Alexander','J.','Deborde','NULL','Neighborhood Store','adventure-worksgarrett1','alexander1@adventure-works.com','394-555-0176','QC+He1HXF5uNbU5XqduVyZW0SlvdnAE2jhuD/06ukjE=','Uifpoxw='); 
INSERT INTO Customer Values(70,'0','Mr.','Deepak','NULL','Kumar','NULL','Outdoor Aerobic Systems Company','adventure-worksjae0','deepak0@adventure-works.com','1 (11) 500 555-0122','0d3F0pfNxXFKEufM738j3/fA0at2eUlZA8ibqRnMr7M=','6fOTb8g='); 
INSERT INTO Customer Values(73,'0','Ms.','Margaret','T.','Krupka','NULL','Outdoor Sports Supply','adventure-workspamela0','margaret1@adventure-works.com','107-555-0132','dI+A6Ikk6Eh9ypKYxrAEHGdSxjzUhy8bEyDdFjggW9g=','09k9Tis='); 
INSERT INTO Customer Values(74,'0','Mr.','Christopher','M.','Bright','NULL','Parcel Express Delivery Service','adventure-worksdavid8','christopher2@adventure-works.com','162-555-0166','jIw8zSChmDX3xmVInKUV46U77LBgW9C5vlIMvK4NqF8=','J9DNyhU='); 
INSERT INTO Customer Values(75,'0','Ms.','Aidan','NULL','Delaney','NULL','Paint Supply','adventure-worksjillian0','aidan0@adventure-works.com','358-555-0188','6lcVqEc4gGgfW6DsOks/KuDIWIP5qFsrc8sXtmcwj6E=','DKu7/UM= '); 
INSERT INTO Customer Values(76,'0','Mr.','James','J.','Krow','NULL','Out-of-the-Way Hotels','adventure-worksjillian0','james11@adventure-works.com','265-555-0190','I2HiduC1LR4LnxkLk1SFZ0OCyPveKfbQ6Q4mjKnPiyA=','PJEpZaA='); 
INSERT INTO Customer Values(77,'0','Mr.','Michael','NULL','Brundage','NULL','Mechanical Products Ltd.','adventure-worksshu0','michael13@adventure-works.com','128-555-0148','Ioh5Ss2cXrUAI8DZcSkQ/z92aEmHE0Wxqc6MdggjJQE=','MjQeaAE='); 

--Address--
INSERT INTO Address(AddressID,AddressLine1,AddressLine2,City,StateProvince,CountyRegion,PostalCode) VALUES(9,'8713 Yosemite Ct.','NULL','Bothell','Washington','United States','98011');
INSERT INTO Address(AddressID,AddressLine1,AddressLine2,City,StateProvince,CountyRegion,PostalCode) VALUES(11,'1318 Lasalle Street','NULL','Bothell','Washington','United States','98011');
INSERT INTO Address(AddressID,AddressLine1,AddressLine2,City,StateProvince,CountyRegion,PostalCode) VALUES(25,'9178 Jumping St.','NULL','Dallas','Texas','United States','75201');
INSERT INTO Address(AddressID,AddressLine1,AddressLine2,City,StateProvince,CountyRegion,PostalCode) VALUES(28,'9228 Via Del Sol','NULL','Phoenix','Arizona','United States','85004');
INSERT INTO Address(AddressID,AddressLine1,AddressLine2,City,StateProvince,CountyRegion,PostalCode) VALUES(32,'26910 Indela Road','NULL','Montreal','Quebec','Canada','H1Y 2H5');
INSERT INTO Address(AddressID,AddressLine1,AddressLine2,City,StateProvince,CountyRegion,PostalCode) VALUES(185,'2681 Eagle Peak','NULL','Bellevue','Washington','United States','98004');
INSERT INTO Address(AddressID,AddressLine1,AddressLine2,City,StateProvince,CountyRegion,PostalCode) VALUES(297,'7943 Walnut Ave','NULL','Renton','Washington','United States','98055');
INSERT INTO Address(AddressID,AddressLine1,AddressLine2,City,StateProvince,CountyRegion,PostalCode) VALUES(445,'6388 Lake City Way','NULL','Burnaby','British Columbia','Canada','V5A 3A6');
INSERT INTO Address(AddressID,AddressLine1,AddressLine2,City,StateProvince,CountyRegion,PostalCode) VALUES(446,'52560 Free Street','NULL','Toronto','Ontario','Canada','M4B 1V7');
INSERT INTO Address(AddressID,AddressLine1,AddressLine2,City,StateProvince,CountyRegion,PostalCode) VALUES(447,'22580 Free Street','NULL','Toronto','Ontario','Canada','M4B 1V7');
INSERT INTO Address(AddressID,AddressLine1,AddressLine2,City,StateProvince,CountyRegion,PostalCode) VALUES(448,'2575 Bloor Street East','NULL','Toronto','Ontario','Canada','M4B 1V6');
INSERT INTO Address(AddressID,AddressLine1,AddressLine2,City,StateProvince,CountyRegion,PostalCode) VALUES(449,'Station E','NULL','Chalk Riber','Ontario','Canada','K0J 1J0');
INSERT INTO Address(AddressID,AddressLine1,AddressLine2,City,StateProvince,CountyRegion,PostalCode) VALUES(450,'575 Rue St Amable','NULL','Quebec','Quebec','Canada','G1R');
INSERT INTO Address(AddressID,AddressLine1,AddressLine2,City,StateProvince,CountyRegion,PostalCode) VALUES(451,'2512-4th Ave Sw','NULL','Calgary','Alberta','Canada','T2P 2G8');
INSERT INTO Address(AddressID,AddressLine1,AddressLine2,City,StateProvince,CountyRegion,PostalCode) VALUES(452,'55 Lakeshore Blvd East','NULL','Toronto','Ontario','Canada','M4B 1V6');
INSERT INTO Address(AddressID,AddressLine1,AddressLine2,City,StateProvince,CountyRegion,PostalCode) VALUES(453,'6333 Cote Vertu','NULL','Montreal','Quebec','Canada','H1Y 2H7');
INSERT INTO Address(AddressID,AddressLine1,AddressLine2,City,StateProvince,CountyRegion,PostalCode) VALUES(454,'3255 Front Street West','NULL','Toronto','Ontario','Canada','M4B 1V6');
INSERT INTO Address(AddressID,AddressLine1,AddressLine2,City,StateProvince,CountyRegion,PostalCode) VALUES(455,'2550 Signet Drive','NULL','Weston','Ontario','Canada','M9V 4W3');
INSERT INTO Address(AddressID,AddressLine1,AddressLine2,City,StateProvince,CountyRegion,PostalCode) VALUES(456,'6777 Kingsway','NULL','Burnaby','British Columbia','Canada','V5H 3Z7');
INSERT INTO Address(AddressID,AddressLine1,AddressLine2,City,StateProvince,CountyRegion,PostalCode) VALUES(457,'5250-505 Burning St','NULL','Vancouver','British Columbia','Canada','V7L 4J4');
INSERT INTO Address(AddressID,AddressLine1,AddressLine2,City,StateProvince,CountyRegion,PostalCode) VALUES(458,'600 Slater Street','NULL','Ottawa','Ontario','Canada','K4B 1S2');
INSERT INTO Address(AddressID,AddressLine1,AddressLine2,City,StateProvince,CountyRegion,PostalCode) VALUES(459,'25575 The Queensway','NULL','Etobicoke','Ontario','Canada','M9W 3P3');
INSERT INTO Address(AddressID,AddressLine1,AddressLine2,City,StateProvince,CountyRegion,PostalCode) VALUES(460,'2521 McPherson Street','NULL','Markham','Ontario','Canada','L3S 3K2');
INSERT INTO Address(AddressID,AddressLine1,AddressLine2,City,StateProvince,CountyRegion,PostalCode) VALUES(461,'2560 Bay Street','NULL','Toronto','Ontario','Canada','M4B 1V7');
INSERT INTO Address(AddressID,AddressLine1,AddressLine2,City,StateProvince,CountyRegion,PostalCode) VALUES(462,'630 University Avenue','NULL','Toronto','Ontario','Canada','M4B 1V7');
INSERT INTO Address(AddressID,AddressLine1,AddressLine2,City,StateProvince,CountyRegion,PostalCode) VALUES(463,'992 St Clair Ave East','NULL','Toronto','Ontario','Canada','M4B 1V7');
INSERT INTO Address(AddressID,AddressLine1,AddressLine2,City,StateProvince,CountyRegion,PostalCode) VALUES(464,'99, Rue Saint-pierre','NULL','Pnot-Rouge','Quebec','Canada','J1E 2T7');
INSERT INTO Address(AddressID,AddressLine1,AddressLine2,City,StateProvince,CountyRegion,PostalCode) VALUES(465,'25245 Rue Sherbrooke Ouest','NULL','Montreal','Quebec','Canada','H1Y 2H5');
INSERT INTO Address(AddressID,AddressLine1,AddressLine2,City,StateProvince,CountyRegion,PostalCode) VALUES(466,'655-4th Ave S.W.','NULL','Calgary','Alberta','Canada','T2P 2G8');
INSERT INTO Address(AddressID,AddressLine1,AddressLine2,City,StateProvince,CountyRegion,PostalCode) VALUES(467,'25900-700-9th Ave S.W.','NULL','Calgary','Alberta','Canada','T2P 2G8');
INSERT INTO Address(AddressID,AddressLine1,AddressLine2,City,StateProvince,CountyRegion,PostalCode) VALUES(468,'Po Box 83270','NULL','Vancouver','British Columbia','Canada','V7L 4J4');
INSERT INTO Address(AddressID,AddressLine1,AddressLine2,City,StateProvince,CountyRegion,PostalCode) VALUES(469,'400-25155 West Pender St','NULL','Vancouver','British Columbia','Canada','V7L 4J4');
INSERT INTO Address(AddressID,AddressLine1,AddressLine2,City,StateProvince,CountyRegion,PostalCode) VALUES(470,'2511 Baker Road','NULL','Toronto','Ontario','Canada','M4B 1V7');
INSERT INTO Address(AddressID,AddressLine1,AddressLine2,City,StateProvince,CountyRegion,PostalCode) VALUES(471,'770 Notre Datme Quest Bureau 800','NULL','Montreal','Quebec','Canada','H1Y 2H7');
INSERT INTO Address(AddressID,AddressLine1,AddressLine2,City,StateProvince,CountyRegion,PostalCode) VALUES(472,'250551 Shellbridge Way','NULL','Richmond','British Columbia','Canada','V6B 3P7');
INSERT INTO Address(AddressID,AddressLine1,AddressLine2,City,StateProvince,CountyRegion,PostalCode) VALUES(473,'595 Burning Street','NULL','Vancouver','British Columbia','Canada','V7L 4J4');
INSERT INTO Address(AddressID,AddressLine1,AddressLine2,City,StateProvince,CountyRegion,PostalCode) VALUES(474,'252345 8810th Avenue','NULL','Surrey','British Columbia','Canada','V3T 4W3');
INSERT INTO Address(AddressID,AddressLine1,AddressLine2,City,StateProvince,CountyRegion,PostalCode) VALUES (475,'2512-410th Avenue S.W.','NULL','Calgary','Alberta','Canada','T2P 2G8'); 
INSERT INTO Address(AddressID,AddressLine1,AddressLine2,City,StateProvince,CountyRegion,PostalCode) VALUES (476,'258 King Street East','NULL','Toronto','Ontario','Canada','M4B 1V7'); 
INSERT INTO Address(AddressID,AddressLine1,AddressLine2,City,StateProvince,CountyRegion,PostalCode) VALUES (477,'6th Floor Ferguson Block','NULL','Toronto','Ontario','Canada','M4B 1V7'); 
INSERT INTO Address(AddressID,AddressLine1,AddressLine2,City,StateProvince,CountyRegion,PostalCode) VALUES (478,'2545 King Street West','NULL','Toronto','Ontario','Canada','M4B 1V7'); 
INSERT INTO Address(AddressID,AddressLine1,AddressLine2,City,StateProvince,CountyRegion,PostalCode) VALUES (479,'2550 Middlefield Road','NULL','Scarborough','Ontario','Canada','M1V 4M2'); 
INSERT INTO Address(AddressID,AddressLine1,AddressLine2,City,StateProvince,CountyRegion,PostalCode) VALUES (480,'25 First Canadian Place','NULL','Toronto','Ontario','Canada','M4B 1V5'); 
INSERT INTO Address(AddressID,AddressLine1,AddressLine2,City,StateProvince,CountyRegion,PostalCode) VALUES (481,'65 Gamelin Street','NULL','Hull','Quebec','Canada','8Y'); 
INSERT INTO Address(AddressID,AddressLine1,AddressLine2,City,StateProvince,CountyRegion,PostalCode) VALUES (482,'2500 University Avenue','NULL','Toronto','Ontario','Canada','M4B 1V5'); 
INSERT INTO Address(AddressID,AddressLine1,AddressLine2,City,StateProvince,CountyRegion,PostalCode) VALUES (483,'955 Green Valley Crescent','NULL','Ottawa','Ontario','Canada','K4B 1S1'); 
INSERT INTO Address(AddressID,AddressLine1,AddressLine2,City,StateProvince,CountyRegion,PostalCode) VALUES (484,'2510 Crew Court','NULL','Montreal','Quebec','Canada','H1Y 2H8'); 
INSERT INTO Address(AddressID,AddressLine1,AddressLine2,City,StateProvince,CountyRegion,PostalCode) VALUES (485,'9900-6400 Boul, Taschereau','NULL','Brossard','Quebec','Canada','J4Z 1R4'); 
INSERT INTO Address(AddressID,AddressLine1,AddressLine2,City,StateProvince,CountyRegion,PostalCode) VALUES (486,'600 Boul. Rene-levesque Ouest','NULL','Montreal','Quebec','Canada','H1Y 2H7'); 
INSERT INTO Address(AddressID,AddressLine1,AddressLine2,City,StateProvince,CountyRegion,PostalCode) VALUES (487,'9259 - 1110th Avenue Sw','NULL','Calgary','Alberta','Canada','T2P 2G8');  

--CustomerAddress--
INSERT INTO CustomerAddress (CustomerID, AddressID, AddressType) VALUES(1, 832, 'Main Office');
INSERT INTO CustomerAddress (CustomerID, AddressID, AddressType) VALUES(2, 833, 'Main Office');
INSERT INTO CustomerAddress (CustomerID, AddressID, AddressType) VALUES(2, 297, 'Shipping');
INSERT INTO CustomerAddress (CustomerID, AddressID, AddressType) VALUES(3, 559, 'Main Office');
INSERT INTO CustomerAddress (CustomerID, AddressID, AddressType) VALUES(4, 560, 'Main Office');
INSERT INTO CustomerAddress (CustomerID, AddressID, AddressType) VALUES(4, 11380, 'Shipping');
INSERT INTO CustomerAddress (CustomerID, AddressID, AddressType) VALUES(5, 988, 'Main Office');
INSERT INTO CustomerAddress (CustomerID, AddressID, AddressType) VALUES(6, 989, 'Main Office');
INSERT INTO CustomerAddress (CustomerID, AddressID, AddressType) VALUES(7, 990, 'Main Office');
INSERT INTO CustomerAddress (CustomerID, AddressID, AddressType) VALUES(10, 445, 'Main Office');
INSERT INTO CustomerAddress (CustomerID, AddressID, AddressType) VALUES(11, 446, 'Main Office');
INSERT INTO CustomerAddress (CustomerID, AddressID, AddressType) VALUES(12, 447, 'Main Office');
INSERT INTO CustomerAddress (CustomerID, AddressID, AddressType) VALUES(16, 635, 'Main Office');
INSERT INTO CustomerAddress (CustomerID, AddressID, AddressType) VALUES(18, 756, 'Main Office');
INSERT INTO CustomerAddress (CustomerID, AddressID, AddressType) VALUES(19, 834, 'Main Office');
INSERT INTO CustomerAddress (CustomerID, AddressID, AddressType) VALUES(19, 11, 'Shipping');
INSERT INTO CustomerAddress (CustomerID, AddressID, AddressType) VALUES(20, 835, 'Main Office');
INSERT INTO CustomerAddress (CustomerID, AddressID, AddressType) VALUES(21, 561, 'Main Office');
INSERT INTO CustomerAddress (CustomerID, AddressID, AddressType) VALUES(22, 562, 'Main Office');
INSERT INTO CustomerAddress (CustomerID, AddressID, AddressType) VALUES(23, 991, 'Main Office');
INSERT INTO CustomerAddress (CustomerID, AddressID, AddressType) VALUES(24, 992, 'Main Office');
INSERT INTO CustomerAddress (CustomerID, AddressID, AddressType) VALUES(25, 993, 'Main Office');
INSERT INTO CustomerAddress (CustomerID, AddressID, AddressType) VALUES(28, 448, 'Main Office');
INSERT INTO CustomerAddress (CustomerID, AddressID, AddressType) VALUES(29, 449, 'Main Office');
INSERT INTO CustomerAddress (CustomerID, AddressID, AddressType) VALUES(30, 450, 'Main Office');
INSERT INTO CustomerAddress (CustomerID, AddressID, AddressType) VALUES(34, 636, 'Main Office');
INSERT INTO CustomerAddress (CustomerID, AddressID, AddressType) VALUES(37, 836, 'Main Office');
INSERT INTO CustomerAddress (CustomerID, AddressID, AddressType) VALUES(38, 837, 'Main Office');
INSERT INTO CustomerAddress (CustomerID, AddressID, AddressType) VALUES(39, 563, 'Main Office');
INSERT INTO CustomerAddress (CustomerID, AddressID, AddressType) VALUES(40, 564, 'Main Office');
INSERT INTO CustomerAddress (CustomerID, AddressID, AddressType) VALUES(41, 994, 'Main Office');
INSERT INTO CustomerAddress (CustomerID, AddressID, AddressType) VALUES(42, 995, 'Main Office');
INSERT INTO CustomerAddress (CustomerID, AddressID, AddressType) VALUES(43, 996, 'Main Office');
INSERT INTO CustomerAddress (CustomerID, AddressID, AddressType) VALUES(46, 451, 'Main Office');
INSERT INTO CustomerAddress (CustomerID, AddressID, AddressType) VALUES(47, 452, 'Main Office');
INSERT INTO CustomerAddress (CustomerID, AddressID, AddressType) VALUES(48, 453, 'Main Office');
INSERT INTO CustomerAddress (CustomerID, AddressID, AddressType) VALUES(52, 637, 'Main Office');
INSERT INTO CustomerAddress (CustomerID, AddressID, AddressType) VALUES(55, 838, 'Main Office');
INSERT INTO CustomerAddress (CustomerID, AddressID, AddressType) VALUES(56, 839, 'Main Office');
INSERT INTO CustomerAddress (CustomerID, AddressID, AddressType) VALUES(57, 565, 'Main Office');
INSERT INTO CustomerAddress (CustomerID, AddressID, AddressType) VALUES(58, 566, 'Main Office');
INSERT INTO CustomerAddress (CustomerID, AddressID, AddressType) VALUES(59, 997, 'Main Office');
INSERT INTO CustomerAddress (CustomerID, AddressID, AddressType) VALUES(60, 998, 'Main Office');
INSERT INTO CustomerAddress (CustomerID, AddressID, AddressType) VALUES(61, 999, 'Main Office');
INSERT INTO CustomerAddress (CustomerID, AddressID, AddressType) VALUES(64, 454, 'Main Office');
INSERT INTO CustomerAddress (CustomerID, AddressID, AddressType) VALUES(65, 455, 'Main Office');
INSERT INTO CustomerAddress (CustomerID, AddressID, AddressType) VALUES(66, 456, 'Main Office');
INSERT INTO CustomerAddress (CustomerID, AddressID, AddressType) VALUES(70, 638, 'Main Office');
INSERT INTO CustomerAddress (CustomerID, AddressID, AddressType) VALUES(73, 840, 'Main Office');
INSERT INTO CustomerAddress (CustomerID, AddressID, AddressType) VALUES(74, 841, 'Main Office');

--SalesOrderHeader--
INSERT INTO SalesOrderHeader VALUES(71774,1, TO_DATE('2004-06-01','YYYY-MM-DD'),TO_DATE('2004-06-13','YYYY-MM-DD'),TO_DATE('2004-06-08','YYYY-MM-DD'),5, '0','SO71774','PO348186287','10-4020-000609',609, 1092, 1092, 'CARGO TRANSPORT 5','NULL',880.35, 70.43, 22.01, '972.7850'); 
INSERT INTO SalesOrderHeader VALUES(71776,1, TO_DATE('2004-06-01','YYYY-MM-DD'),TO_DATE('2004-06-13','YYYY-MM-DD'),TO_DATE('2004-06-08','YYYY-MM-DD'),5, '0','SO71776','PO19952192051','10-4020-000106',106, 640, 640, 'CARGO TRANSPORT 5','NULL',78.81, 6.30, 1.97, '87.0851'); 
INSERT INTO SalesOrderHeader VALUES(71780,1, TO_DATE('2004-06-01','YYYY-MM-DD'),TO_DATE('2004-06-13','YYYY-MM-DD'),TO_DATE('2004-06-08','YYYY-MM-DD'),5, '0','SO71780','PO19604173239','10-4020-000340',340, 653, 653, 'CARGO TRANSPORT 5','NULL',38418.69, 3073.50, 960.47, '42452.6519'); 
INSERT INTO SalesOrderHeader VALUES(71782,1, TO_DATE('2004-06-01','YYYY-MM-DD'),TO_DATE('2004-06-13','YYYY-MM-DD'),TO_DATE('2004-06-08','YYYY-MM-DD'),5, '0','SO71782','PO19372114749','10-4020-000582',582, 1086, 1086, 'CARGO TRANSPORT 5','NULL',39785.33, 3182.83, 994.63, '43962.7901'); 
INSERT INTO SalesOrderHeader VALUES(71783,1, TO_DATE('2004-06-01','YYYY-MM-DD'),TO_DATE('2004-06-13','YYYY-MM-DD'),TO_DATE('2004-06-08','YYYY-MM-DD'),5, '0','SO71783','PO19343113609','10-4020-000024',24, 992, 992, 'CARGO TRANSPORT 5','NULL',83858.43, 6708.67, 2096.46, '92663.5609'); 
INSERT INTO SalesOrderHeader VALUES(71784,1, TO_DATE('2004-06-01','YYYY-MM-DD'),TO_DATE('2004-06-13','YYYY-MM-DD'),TO_DATE('2004-06-08','YYYY-MM-DD'),5, '0','SO71784','PO19285135919','10-4020-000448',448, 659, 659, 'CARGO TRANSPORT 5','NULL',108561.83, 8684.95, 2714.05, '119960.8240'); 
INSERT INTO SalesOrderHeader VALUES(71796,1, TO_DATE('2004-06-01','YYYY-MM-DD'),TO_DATE('2004-06-13','YYYY-MM-DD'),TO_DATE('2004-06-08','YYYY-MM-DD'),5, '0','SO71796','PO17052159664','10-4020-000420',420, 1058, 1058, 'CARGO TRANSPORT 5','NULL',57634.63, 4610.77, 1440.87, '63686.2708'); 
INSERT INTO SalesOrderHeader VALUES(71797,1, TO_DATE('2004-06-01','YYYY-MM-DD'),TO_DATE('2004-06-13','YYYY-MM-DD'),TO_DATE('2004-06-08','YYYY-MM-DD'),5, '0','SO71797','PO16501134889','10-4020-000142',142, 642, 642, 'CARGO TRANSPORT 5','NULL',78029.69, 6242.38, 1950.74, '86222.8072'); 
INSERT INTO SalesOrderHeader VALUES(71815,1, TO_DATE('2004-06-01','YYYY-MM-DD'),TO_DATE('2004-06-13','YYYY-MM-DD'),TO_DATE('2004-06-08','YYYY-MM-DD'),5, '0','SO71815','PO13021155785','10-4020-000276',276, 1034, 1034, 'CARGO TRANSPORT 5','NULL',1141.58, 91.33, 28.54, '1261.4440'); 
INSERT INTO SalesOrderHeader VALUES(71816,1, TO_DATE('2004-06-01','YYYY-MM-DD'),TO_DATE('2004-06-13','YYYY-MM-DD'),TO_DATE('2004-06-08','YYYY-MM-DD'),5, '0','SO71816','PO12992180445','10-4020-000295',295, 1038, 1038, 'CARGO TRANSPORT 5','NULL',3398.17, 271.85, 84.95, '3754.9733'); 
INSERT INTO SalesOrderHeader VALUES(71831,1, TO_DATE('2004-06-01','YYYY-MM-DD'),TO_DATE('2004-06-13','YYYY-MM-DD'),TO_DATE('2004-06-08','YYYY-MM-DD'),5, '0','SO71831','PO10295111084','10-4020-000322',322, 652, 652, 'CARGO TRANSPORT 5','NULL',2016.34, 161.31, 50.41, '2228.0566'); 
INSERT INTO SalesOrderHeader VALUES(71832,1, TO_DATE('2004-06-01','YYYY-MM-DD'),TO_DATE('2004-06-13','YYYY-MM-DD'),TO_DATE('2004-06-08','YYYY-MM-DD'),5, '0','SO71832','PO10353140756','10-4020-000088',88, 639, 639, 'CARGO TRANSPORT 5','NULL',35775.21, 2862.02, 894.38, '39531.6085'); 
INSERT INTO SalesOrderHeader VALUES(71845,1, TO_DATE('2004-06-01','YYYY-MM-DD'),TO_DATE('2004-06-13','YYYY-MM-DD'),TO_DATE('2004-06-08','YYYY-MM-DD'),5, '0','SO71845','PO2697119362','10-4020-000187',187, 1020, 1020, 'CARGO TRANSPORT 5','NULL',41622.05, 3329.76, 1040.55, '45992.3665'); 
INSERT INTO SalesOrderHeader VALUES(71846,1, TO_DATE('2004-06-01','YYYY-MM-DD'),TO_DATE('2004-06-13','YYYY-MM-DD'),TO_DATE('2004-06-08','YYYY-MM-DD'),5, '0','SO71846','PO2378131604','10-4020-000635',635, 669, 669, 'CARGO TRANSPORT 5','NULL',2453.76, 196.30, 61.34, '2711.4098'); 
INSERT INTO SalesOrderHeader VALUES(71856,1, TO_DATE('2004-06-01','YYYY-MM-DD'),TO_DATE('2004-06-13','YYYY-MM-DD'),TO_DATE('2004-06-08','YYYY-MM-DD'),5, '0','SO71856','PO16530177647','10-4020-000601',601, 1090, 1090, 'CARGO TRANSPORT 5','NULL',602.19, 48.18, 15.05, '665.4251'); 
INSERT INTO SalesOrderHeader VALUES(71858,1, TO_DATE('2004-06-01','YYYY-MM-DD'),TO_DATE('2004-06-13','YYYY-MM-DD'),TO_DATE('2004-06-08','YYYY-MM-DD'),5, '0','SO71858','PO16153112278','10-4020-000186',186, 1019, 1019, 'CARGO TRANSPORT 5','NULL',13823.71, 1105.90, 345.59, '15275.1977'); 
INSERT INTO SalesOrderHeader VALUES(71863,1, TO_DATE('2004-06-01','YYYY-MM-DD'),TO_DATE('2004-06-13','YYYY-MM-DD'),TO_DATE('2004-06-08','YYYY-MM-DD'),5, '0','SO71863','PO16124166561','10-4020-000649',649, 1098, 1098, 'CARGO TRANSPORT 5','NULL',3324.28, 265.94, 83.11, '3673.3249'); 
INSERT INTO SalesOrderHeader VALUES(71867,1, TO_DATE('2004-06-01','YYYY-MM-DD'),TO_DATE('2004-06-13','YYYY-MM-DD'),TO_DATE('2004-06-08','YYYY-MM-DD'),5, '0','SO71867','PO13050111529','10-4020-000160',160, 643, 643, 'CARGO TRANSPORT 5','NULL',1059.31, 84.74, 26.48, '1170.5376'); 
INSERT INTO SalesOrderHeader VALUES(71885,1, TO_DATE('2004-06-01','YYYY-MM-DD'),TO_DATE('2004-06-13','YYYY-MM-DD'),TO_DATE('2004-06-08','YYYY-MM-DD'),5, '0','SO71885','PO6119130779','10-4020-000268',268, 649, 649, 'CARGO TRANSPORT 5','NULL',550.39, 44.03, 13.76, '608.1766'); 
INSERT INTO SalesOrderHeader VALUES(71895,1, TO_DATE('2004-06-01','YYYY-MM-DD'),TO_DATE('2004-06-13','YYYY-MM-DD'),TO_DATE('2004-06-08','YYYY-MM-DD'),5, '0','SO71895','PO3770176273','10-4020-000151',151, 1014, 1014, 'CARGO TRANSPORT 5','NULL',246.74, 19.74, 6.17, '272.6468'); 
INSERT INTO SalesOrderHeader VALUES(71897,1, TO_DATE('2004-06-01','YYYY-MM-DD'),TO_DATE('2004-06-13','YYYY-MM-DD'),TO_DATE('2004-06-08','YYYY-MM-DD'),5, '0','SO71897','PO4785152479','10-4020-000223',223, 1026, 1026, 'CARGO TRANSPORT 5','NULL',12685.89, 1014.87, 317.15, '14017.9083'); 
INSERT INTO SalesOrderHeader VALUES(71898,1, TO_DATE('2004-06-01','YYYY-MM-DD'),TO_DATE('2004-06-13','YYYY-MM-DD'),TO_DATE('2004-06-08','YYYY-MM-DD'),5, '0','SO71898','PO5713190501','10-4020-000052',52, 637, 637, 'CARGO TRANSPORT 5','NULL',63980.99, 5118.48, 1599.52, '70698.9922'); 
INSERT INTO SalesOrderHeader VALUES(71899,1, TO_DATE('2004-06-01','YYYY-MM-DD'),TO_DATE('2004-06-13','YYYY-MM-DD'),TO_DATE('2004-06-08','YYYY-MM-DD'),5, '0','SO71899','PO4582142611','10-4020-000025',25, 993, 993, 'CARGO TRANSPORT 5','NULL',2415.67, 193.25, 60.39, '2669.3183'); 
INSERT INTO SalesOrderHeader VALUES(71902,1, TO_DATE('2004-06-01','YYYY-MM-DD'),TO_DATE('2004-06-13','YYYY-MM-DD'),TO_DATE('2004-06-08','YYYY-MM-DD'),5, '0','SO71902','PO5539125166','10-4020-000061',61, 999, 999, 'CARGO TRANSPORT 5','NULL',74058.81, 5924.70, 1851.47, '81834.9826'); 
INSERT INTO SalesOrderHeader VALUES(71915,1, TO_DATE('2004-06-01','YYYY-MM-DD'),TO_DATE('2004-06-13','YYYY-MM-DD'),TO_DATE('2004-06-08','YYYY-MM-DD'),5, '0','SO71915','PO2349143275','10-4020-000006',6, 989, 989, 'CARGO TRANSPORT 5','NULL',2137.23, 170.98, 53.43, '2361.6403'); 
INSERT INTO SalesOrderHeader VALUES(71917,1, TO_DATE('2004-06-01','YYYY-MM-DD'),TO_DATE('2004-06-13','YYYY-MM-DD'),TO_DATE('2004-06-08','YYYY-MM-DD'),5, '0','SO71917','PO29111718','10-4020-000304',304, 651, 651, 'CARGO TRANSPORT 5','NULL',40.90, 3.27, 1.02, '45.1995'); 
INSERT INTO SalesOrderHeader VALUES(71920,1, TO_DATE('2004-06-01','YYYY-MM-DD'),TO_DATE('2004-06-13','YYYY-MM-DD'),TO_DATE('2004-06-08','YYYY-MM-DD'),5, '0','SO71920','PO4002189853','10-4020-000674',674, 1102, 1102, 'CARGO TRANSPORT 5','NULL',2980.79, 238.46, 74.52, '3293.7761'); 
INSERT INTO SalesOrderHeader VALUES(71923,1, TO_DATE('2004-06-01','YYYY-MM-DD'),TO_DATE('2004-06-13','YYYY-MM-DD'),TO_DATE('2004-06-08','YYYY-MM-DD'),5, '0','SO71923','PO174173096','10-4020-000277',277, 1035, 1035, 'CARGO TRANSPORT 5','NULL',106.54, 8.52, 2.66, '117.7276'); 
INSERT INTO SalesOrderHeader VALUES(71935,1, TO_DATE('2004-06-01','YYYY-MM-DD'),TO_DATE('2004-06-13','YYYY-MM-DD'),TO_DATE('2004-06-08','YYYY-MM-DD'),5, '0','SO71935','PO7946145876','10-4020-000438',438, 1061, 1061, 'CARGO TRANSPORT 5','NULL',6634.30, 530.74, 165.86, '7330.8972'); 
INSERT INTO SalesOrderHeader VALUES(71936,1, TO_DATE('2004-06-01','YYYY-MM-DD'),TO_DATE('2004-06-13','YYYY-MM-DD'),TO_DATE('2004-06-08','YYYY-MM-DD'),5, '0','SO71936','PO8671170385','10-4020-000502',502, 662, 662, 'CARGO TRANSPORT 5','NULL',98278.69, 7862.30, 2456.97, '108597.9536'); 
INSERT INTO SalesOrderHeader VALUES(71938,1, TO_DATE('2004-06-01','YYYY-MM-DD'),TO_DATE('2004-06-13','YYYY-MM-DD'),TO_DATE('2004-06-08','YYYY-MM-DD'),5, '0','SO71938','PO8468183315','10-4020-000016',16, 635, 635, 'CARGO TRANSPORT 5','NULL',88812.86, 7105.03, 2220.32, '98138.2131'); 
INSERT INTO SalesOrderHeader VALUES(71946,1, TO_DATE('2004-06-01','YYYY-MM-DD'),TO_DATE('2004-06-13','YYYY-MM-DD'),TO_DATE('2004-06-08','YYYY-MM-DD'),5,'0','SO71946','PO8961158629','10-4020-000466',466, 660, 660,'CARGO TRANSPORT 5','NULL',38.95, 3.12, 0.97,'43.0437'); 

--ProductCategory--
INSERT INTO ProductCategory VALUES(1,NULL,'Bikes'); 
INSERT INTO ProductCategory VALUES(2,NULL,'Components'); 
INSERT INTO ProductCategory VALUES(3,NULL,'Clothing'); 
INSERT INTO ProductCategory VALUES(4,NULL,'Accessories'); 
INSERT INTO ProductCategory VALUES(5,'1','Mountain Bikes'); 
INSERT INTO ProductCategory VALUES(6,'1','Road Bikes'); 
INSERT INTO ProductCategory VALUES(7,'1','Touring Bikes'); 
INSERT INTO ProductCategory VALUES(8,'2','Handlebars'); 
INSERT INTO ProductCategory VALUES(9,'2','Bottom Brackets'); 
INSERT INTO ProductCategory VALUES(10,'2','Brakes'); 
INSERT INTO ProductCategory VALUES(11,'2','Chains'); 
INSERT INTO ProductCategory VALUES(12,'2','Cranksets'); 
INSERT INTO ProductCategory VALUES(13,'2','Derailleurs'); 
INSERT INTO ProductCategory VALUES(14,'2','Forks'); 
INSERT INTO ProductCategory VALUES(15,'2','Headsets'); 
INSERT INTO ProductCategory VALUES(16,'2','Mountain Frames'); 
INSERT INTO ProductCategory VALUES(17,'2','Pedals'); 
INSERT INTO ProductCategory VALUES(18,'2','Road Frames'); 
INSERT INTO ProductCategory VALUES(19,'2','Saddles'); 
INSERT INTO ProductCategory VALUES(20,'2','Touring Frames'); 
INSERT INTO ProductCategory VALUES(21,'2','Wheels'); 
INSERT INTO ProductCategory VALUES(22,'3','Bib-Shorts'); 
INSERT INTO ProductCategory VALUES(23,'3','Caps'); 
INSERT INTO ProductCategory VALUES(24,'3','Gloves'); 
INSERT INTO ProductCategory VALUES(25,'3','Jerseys'); 
INSERT INTO ProductCategory VALUES(26,'3','Shorts'); 
INSERT INTO ProductCategory VALUES(27,'3','Socks'); 
INSERT INTO ProductCategory VALUES(28,'3','Tights'); 
INSERT INTO ProductCategory VALUES(29,'3','Vests'); 
INSERT INTO ProductCategory VALUES(30,'4','Bike Racks'); 
INSERT INTO ProductCategory VALUES(31,'4','Bike Stands'); 
INSERT INTO ProductCategory VALUES(32,'4','Bottles and Cages'); 
INSERT INTO ProductCategory VALUES(33,'4','Cleaners'); 
INSERT INTO ProductCategory VALUES(34,'4','Fenders'); 
INSERT INTO ProductCategory VALUES(35,'4','Helmets'); 
INSERT INTO ProductCategory VALUES(36,'4','Hydration Packs'); 
INSERT INTO ProductCategory VALUES(37,'4','Lights'); 
INSERT INTO ProductCategory VALUES(38,'4','Locks'); 
INSERT INTO ProductCategory VALUES(39,'4','Panniers'); 
INSERT INTO ProductCategory VALUES(40,'4','Pumps'); 
INSERT INTO ProductCategory VALUES(41,'4','Tires and Tubes');

--ProductModel--
INSERT INTO ProductModel(productModelID,name,catalogDescription,detalle) VALUES(1,'Classic Vest',NULL,
'<?xml version="1.0"?>
<detalle>
  <edad minima="8" maxima="99"></edad>
  <materiales>
    <material> tela de dril </material>
	<material> forro de algodon </material>
	<material> botones de madera </material>
  </materiales>
  <tallas>
    <talla sexo="Hombre" tamano="S"></talla>
    <talla sexo="Hombre" tamano="M"></talla>
    <talla sexo="Hombre" tamano="L"></talla>
    <talla sexo="Nino" tamano="S"></talla>
	<talla sexo="Nino" tamano="M"></talla>
	<talla sexo="Nino" tamano="L"></talla>
  </tallas>
  <garantia meses="0.5"></garantia>
  <origenes>
	<origen pais="China" numeroFabricantes="10"></origen>
	<origen pais="Camboya" numeroFabricantes="5"></origen>
  </origenes>
</detalle>'
);

INSERT INTO ProductModel(productModelID,name,catalogDescription,detalle) VALUES(2,'Cycling Cap',NULL,
'<?xml version="1.0"?>
<detalle>
  <edad minima="18" maxima="60"></edad>
  <materiales>
	<material> tela microperforada </material>
	<material> malla </material>
  </materiales>
  <tallas>
    <talla sexo="Hombre" tamano="S"></talla>
    <talla sexo="Hombre" tamano="M"></talla>
    <talla sexo="Hombre" tamano="L"></talla>
    <talla sexo="Mujer" tamano="S"></talla>
	<talla sexo="Mujer" tamano="M"></talla>
	<talla sexo="Mujer" tamano="L"></talla>
  </tallas>
  <garantia meses="0"></garantia>
  <origenes>
	<origen pais="Europa" numeroFabricantes="6"></origen>
	<origen pais="China" numeroFabricantes="8"></origen>
  </origenes>
</detalle>'
);

INSERT INTO ProductModel(productModelID,name,catalogDescription,detalle) VALUES(3,'Full-Finger Gloves',NULL,
'<?xml version="1.0"?>
<detalle>
  <edad minima="10" maxima="60"></edad>
  <materiales>
	<material> tela impermeable </material>
	<material> protecciones de plastico </material>
  </materiales>
  <tallas>
	<talla sexo="Nino" tamano="S"></talla>
	<talla sexo="Nino" tamano="M"></talla>
	<talla sexo="Nino" tamano="L"></talla>
    <talla sexo="Hombre" tamano="S"></talla>
    <talla sexo="Hombre" tamano="M"></talla>
    <talla sexo="Hombre" tamano="L"></talla>
    <talla sexo="Mujer" tamano="S"></talla>
	<talla sexo="Mujer" tamano="M"></talla>
	<talla sexo="Mujer" tamano="L"></talla>
  </tallas>
  <garantia meses="0"></garantia>
  <origenes>
	<origen pais="Camboya" numeroFabricantes="4"></origen>
	<origen pais="China" numeroFabricantes="8"></origen>
  </origenes>
</detalle>'
);

INSERT INTO ProductModel(productModelID,name,catalogDescription,detalle) VALUES(4,'Half-Finger Gloves',NULL,
'<?xml version="1.0"?>
<detalle>
  <edad minima="10" maxima="60"></edad>
  <materiales>
	<material> tela impermeable </material>
  </materiales>
  <tallas>
	<talla sexo="Nino" tamano="S"></talla>
	<talla sexo="Nino" tamano="M"></talla>
	<talla sexo="Nino" tamano="L"></talla>
    <talla sexo="Hombre" tamano="S"></talla>
    <talla sexo="Hombre" tamano="M"></talla>
    <talla sexo="Hombre" tamano="L"></talla>
    <talla sexo="Mujer" tamano="S"></talla>
	<talla sexo="Mujer" tamano="M"></talla>
	<talla sexo="Mujer" tamano="L"></talla>
  </tallas>
  <garantia meses="0"></garantia>
  <origenes>
	<origen pais="Camboya" numeroFabricantes="4"></origen>
	<origen pais="China" numeroFabricantes="8"></origen>
  </origenes>
</detalle>'
);

INSERT INTO ProductModel(productModelID,name,catalogDescription,detalle) VALUES(5,'HL Mountain Frame',NULL,
'<?xml version="1.0"?>
<detalle>
  <edad minima="16" maxima="60"></edad>
  <materiales>
	<material> marco de fibra de carbono </material>
	<material> radios, manubrio y accesorios de aluminio </material>
	<material> llantas de goma </material>
  </materiales>
  <tallas>
	<talla sexo="Nino" tamano="M"></talla>
	<talla sexo="Nino" tamano="L"></talla>
    <talla sexo="Hombre" tamano="S"></talla>
    <talla sexo="Hombre" tamano="M"></talla>
    <talla sexo="Hombre" tamano="L"></talla>
    <talla sexo="Mujer" tamano="S"></talla>
	<talla sexo="Mujer" tamano="M"></talla>
	<talla sexo="Mujer" tamano="L"></talla>
  </tallas>
  <garantia meses="12"></garantia>
  <peso peso="10000"></peso>
  <origenes>
	<origen pais="Italia" numeroFabricantes="1"></origen>
	<origen pais="China" numeroFabricantes="3"></origen>
  </origenes>
</detalle>'
);

INSERT INTO ProductModel(productModelID,name,catalogDescription,detalle) VALUES(6,'HL Road Frame',NULL,
'<?xml version="1.0"?>
<detalle>
  <edad minima="16" maxima="60"></edad>
  <materiales>
	<material> marco de fibra de carbono </material>
	<material> radios, manubrio y accesorios de plastico </material>
	<material> llantas de goma </material>
  </materiales>
  <tallas>
	<talla sexo="Nino" tamano="M"></talla>
	<talla sexo="Nino" tamano="L"></talla>
    <talla sexo="Hombre" tamano="S"></talla>
    <talla sexo="Hombre" tamano="M"></talla>
    <talla sexo="Hombre" tamano="L"></talla>
    <talla sexo="Mujer" tamano="S"></talla>
	<talla sexo="Mujer" tamano="M"></talla>
	<talla sexo="Mujer" tamano="L"></talla>
  </tallas>
  <garantia meses="12"></garantia>
  <peso peso="8000"></peso>
  <origenes>
	<origen pais="Italia" numeroFabricantes="1"></origen>
	<origen pais="China" numeroFabricantes="3"></origen>
  </origenes>
</detalle>'
);

INSERT INTO ProductModel(productModelID,name,catalogDescription,detalle) VALUES(7,'HL Touring Frame',NULL,
'<?xml version="1.0"?>
<detalle>
  <edad minima="30" maxima="60"></edad>
  <materiales>
	<material> marco, radios, manubrio y accesorios de metal </material>
	<material> llantas de goma </material>
  </materiales>
  <tallas>
    <talla sexo="Hombre" tamano="M"></talla>
    <talla sexo="Hombre" tamano="L"></talla>
	<talla sexo="Mujer" tamano="M"></talla>
	<talla sexo="Mujer" tamano="L"></talla>
  </tallas>
  <garantia meses="12"></garantia>
  <peso peso="14000"></peso>
  <origenes>
	<origen pais="Italia" numeroFabricantes="1"></origen>
	<origen pais="China" numeroFabricantes="3"></origen>
  </origenes>
</detalle>'
);

INSERT INTO ProductModel(productModelID,name,catalogDescription,detalle) VALUES(8,'LL Mountain Frame',NULL,
'<?xml version="1.0"?>
<detalle>
  <edad minima="10" maxima="30"></edad>
  <materiales>
	<material> marco, radios, manubrio y accesorios de acero </material>
	<material> llantas de goma </material>
  </materiales>
  <tallas>
    <talla sexo="Nino" tamano="S"></talla>
	<talla sexo="Nino" tamano="M"></talla>
	<talla sexo="Nino" tamano="L"></talla>
    <talla sexo="Hombre" tamano="S"></talla>
    <talla sexo="Hombre" tamano="M"></talla>
    <talla sexo="Hombre" tamano="L"></talla>
    <talla sexo="Mujer" tamano="S"></talla>
	<talla sexo="Mujer" tamano="M"></talla>
	<talla sexo="Mujer" tamano="L"></talla>
  </tallas>
  <garantia meses="12"></garantia>
  <peso peso="12000"></peso>
  <origenes>
	<origen pais="Italia" numeroFabricantes="3"></origen>
	<origen pais="China" numeroFabricantes="3"></origen>
  </origenes>
</detalle>'
);

INSERT INTO ProductModel(productModelID,name,catalogDescription,detalle) VALUES(9,'LL Road Frame',NULL,
'<?xml version="1.0"?>
<detalle>
  <edad minima="10" maxima="60"></edad>
  <materiales>
	<material> marco de fibra de carbono </material>
	<material> radios, manubrio y accesorios de acero </material>
	<material> llantas de goma </material>
  </materiales>
  <tallas>
    <talla sexo="Nino" tamano="S"></talla>
	<talla sexo="Nino" tamano="M"></talla>
	<talla sexo="Nino" tamano="L"></talla>
    <talla sexo="Hombre" tamano="S"></talla>
    <talla sexo="Hombre" tamano="M"></talla>
    <talla sexo="Hombre" tamano="L"></talla>
    <talla sexo="Mujer" tamano="S"></talla>
	<talla sexo="Mujer" tamano="M"></talla>
	<talla sexo="Mujer" tamano="L"></talla>
  </tallas>
  <garantia meses="12"></garantia>
  <peso peso="10000"></peso>
  <origenes>
	<origen pais="Italia" numeroFabricantes="1"></origen>
	<origen pais="China" numeroFabricantes="4"></origen>
  </origenes>
</detalle>'
);

INSERT INTO ProductModel(productModelID,name,catalogDescription,detalle) VALUES(10,'LL Touring Frame',NULL,
'<?xml version="1.0"?>
<detalle>
  <edad minima="30" maxima="60"></edad>
  <materiales>
	<material> marco, radios, manubrio y accesorios de metal </material>
	<material> llantas de goma </material>
  </materiales>
  <tallas>
    <talla sexo="Hombre" tamano="M"></talla>
    <talla sexo="Hombre" tamano="L"></talla>
	<talla sexo="Mujer" tamano="M"></talla>
	<talla sexo="Mujer" tamano="L"></talla>
  </tallas>
  <garantia meses="12"></garantia>
  <peso peso="13000"></peso>
  <origenes>
	<origen pais="Italia" numeroFabricantes="1"></origen>
	<origen pais="China" numeroFabricantes="3"></origen>
  </origenes>
</detalle>'
);

INSERT INTO ProductModel(productModelID,name,catalogDescription,detalle) VALUES(11,'Long-Sleeve Logo Jersey',NULL,
'<?xml version="1.0"?>
<detalle>
  <edad minima="12" maxima="40"></edad>
  <materiales>
	<material> tela de algodon </material>
  </materiales>
  <tallas>
    <talla sexo="Nino" tamano="S"></talla>
	<talla sexo="Nino" tamano="M"></talla>
	<talla sexo="Nino" tamano="L"></talla>
    <talla sexo="Hombre" tamano="S"></talla>
    <talla sexo="Hombre" tamano="M"></talla>
    <talla sexo="Hombre" tamano="L"></talla>
    <talla sexo="Mujer" tamano="S"></talla>
	<talla sexo="Mujer" tamano="M"></talla>
	<talla sexo="Mujer" tamano="L"></talla>
  </tallas>
  <garantia meses="0.5"></garantia>
  <origenes>
	<origen pais="Camboya" numeroFabricantes="2"></origen>
	<origen pais="China" numeroFabricantes="4"></origen>
	<origen pais="Espana" numeroFabricantes="2"></origen>
  </origenes>
</detalle>'
);

INSERT INTO ProductModel(productModelID,name,catalogDescription,detalle) VALUES(12,'Mens Bib-Shorts',NULL,
'<?xml version="1.0"?>
<detalle>
  <edad minima="20" maxima="60"></edad>
  <materiales>
	<material> tela spandex </material>
  </materiales>
  <tallas>
    <talla sexo="Hombre" tamano="S"></talla>
    <talla sexo="Hombre" tamano="M"></talla>
    <talla sexo="Hombre" tamano="L"></talla>
  </tallas>
  <garantia meses="0.25"></garantia>
  <origenes>
	<origen pais="Camboya" numeroFabricantes="3"></origen>
	<origen pais="China" numeroFabricantes="4"></origen>
  </origenes>
</detalle>'
);

INSERT INTO ProductModel(productModelID,name,catalogDescription,detalle) VALUES(13,'Mens Sports Shorts',NULL,
'<?xml version="1.0"?>
<detalle>
  <edad minima="10" maxima="70"></edad>
  <materiales>
	<material> tela impermeable </material>
  </materiales>
  <tallas>
	<talla sexo="Nino" tamano="S"></talla>
	<talla sexo="Nino" tamano="M"></talla>
	<talla sexo="Nino" tamano="L"></talla>
    <talla sexo="Hombre" tamano="S"></talla>
    <talla sexo="Hombre" tamano="M"></talla>
    <talla sexo="Hombre" tamano="L"></talla>
  </tallas>
  <garantia meses="0.25"></garantia>
  <origenes>
	<origen pais="Camboya" numeroFabricantes="3"></origen>
	<origen pais="China" numeroFabricantes="4"></origen>
  </origenes>
</detalle>'
);

INSERT INTO ProductModel(productModelID,name,catalogDescription,detalle) VALUES(14,'ML Mountain Frame',NULL,
'<?xml version="1.0"?>
<detalle>
  <edad minima="8" maxima="50"></edad>
  <materiales>
	<material> marco de fibra de carbono </material>
	<material> radios, manubrio y accesorios de aluminio </material>
	<material> llantas de goma </material>
  </materiales>
  <tallas>
	<talla sexo="Nino" tamano="S"></talla>
	<talla sexo="Nino" tamano="M"></talla>
	<talla sexo="Nino" tamano="L"></talla>
    <talla sexo="Hombre" tamano="S"></talla>
    <talla sexo="Hombre" tamano="M"></talla>
    <talla sexo="Hombre" tamano="L"></talla>
	<talla sexo="Mujer" tamano="S"></talla>
	<talla sexo="Mujer" tamano="M"></talla>
	<talla sexo="Mujer" tamano="L"></talla>
  </tallas>
  <garantia meses="12"></garantia>
  <peso peso="14000"></peso>
  <origenes>
	<origen pais="Italia" numeroFabricantes="2"></origen>
	<origen pais="China" numeroFabricantes="3"></origen>
  </origenes>
</detalle>'
);

INSERT INTO ProductModel(productModelID,name,catalogDescription,detalle) VALUES(15,'ML Mountain Frame-W',NULL,
'<?xml version="1.0"?>
<detalle>
  <edad minima="30" maxima="50"></edad>
  <materiales>
	<material> marco, radios, manubrio y accesorios de aluminio </material>
	<material> llantas de goma </material>
  </materiales>
  <tallas>
    <talla sexo="Hombre" tamano="M"></talla>
    <talla sexo="Hombre" tamano="L"></talla>
	<talla sexo="Mujer" tamano="S"></talla>
	<talla sexo="Mujer" tamano="M"></talla>
	<talla sexo="Mujer" tamano="L"></talla>
  </tallas>
  <garantia meses="12"></garantia>
  <peso peso="12000"></peso>
  <origenes>
	<origen pais="Italia" numeroFabricantes="2"></origen>
	<origen pais="China" numeroFabricantes="2"></origen>
  </origenes>
</detalle>'
);

INSERT INTO ProductModel(productModelID,name,catalogDescription,detalle) VALUES(16,'ML Road Frame',NULL,
'<?xml version="1.0"?>
<detalle>
  <edad minima="20" maxima="50"></edad>
  <materiales>
	<material> marco de fibra de carbono </material>
	<material> radios, manubrio y accesorios de acero </material>
	<material> llantas de goma </material>
  </materiales>
  <tallas>
	<talla sexo="Hombre" tamano="S"></talla>
    <talla sexo="Hombre" tamano="M"></talla>
    <talla sexo="Hombre" tamano="L"></talla>
	<talla sexo="Mujer" tamano="S"></talla>
	<talla sexo="Mujer" tamano="M"></talla>
	<talla sexo="Mujer" tamano="L"></talla>
  </tallas>
  <garantia meses="12"></garantia>
  <peso peso="10000"></peso>
  <origenes>
	<origen pais="Italia" numeroFabricantes="3"></origen>
	<origen pais="China" numeroFabricantes="4"></origen>
  </origenes>
</detalle>'
);

INSERT INTO ProductModel(productModelID,name,catalogDescription,detalle) VALUES(17,'ML Road Frame-W',NULL,
'<?xml version="1.0"?>
<detalle>
  <edad minima="20" maxima="40"></edad>
  <materiales>
	<material> marco de fibra de carbono </material>
	<material> radios, manubrio y accesorios de acero </material>
	<material> llantas de goma </material>
  </materiales>
  <tallas>
	<talla sexo="Hombre" tamano="S"></talla>
    <talla sexo="Hombre" tamano="M"></talla>
    <talla sexo="Hombre" tamano="L"></talla>
	<talla sexo="Mujer" tamano="S"></talla>
	<talla sexo="Mujer" tamano="M"></talla>
	<talla sexo="Mujer" tamano="L"></talla>
  </tallas>
  <garantia meses="12"></garantia>
  <peso peso="12000"></peso>
  <origenes>
	<origen pais="Italia" numeroFabricantes="3"></origen>
	<origen pais="China" numeroFabricantes="3"></origen>
  </origenes>
</detalle>'
);

INSERT INTO ProductModel(productModelID,name,catalogDescription,detalle) VALUES(18,'Mountain Bike Socks',NULL,
'<?xml version="1.0"?>
<detalle>
  <edad minima="10" maxima="60"></edad>
  <materiales>
	<material> tela de algodon </material>
  </materiales>
  <tallas>
	<talla sexo="Nino" tamano="S"></talla>
	<talla sexo="Nino" tamano="M"></talla>
	<talla sexo="Nino" tamano="L"></talla>
	<talla sexo="Hombre" tamano="S"></talla>
    <talla sexo="Hombre" tamano="M"></talla>
    <talla sexo="Hombre" tamano="L"></talla>
	<talla sexo="Mujer" tamano="S"></talla>
	<talla sexo="Mujer" tamano="M"></talla>
	<talla sexo="Mujer" tamano="L"></talla>
  </tallas>
  <garantia meses="0"></garantia>
  <origenes>
	<origen pais="Camboya" numeroFabricantes="5"></origen>
	<origen pais="China" numeroFabricantes="6"></origen>
  </origenes>
</detalle>'
);

INSERT INTO ProductModel(productModelID,name,catalogDescription,detalle) VALUES(19,'Mountain-100',NULL,
'<?xml version="1.0"?>
<detalle>
  <edad minima="20" maxima="50"></edad>
  <materiales>
	<material> marco, radios, manubrio y accesorios de acero </material>
	<material> llantas de goma </material>
  </materiales>
  <tallas>
	<talla sexo="Hombre" tamano="S"></talla>
    <talla sexo="Hombre" tamano="M"></talla>
    <talla sexo="Hombre" tamano="L"></talla>
	<talla sexo="Mujer" tamano="S"></talla>
	<talla sexo="Mujer" tamano="M"></talla>
	<talla sexo="Mujer" tamano="L"></talla>
  </tallas>
  <garantia meses="12"></garantia>
  <peso peso="13000"></peso>
  <origenes>
	<origen pais="Italia" numeroFabricantes="3"></origen>
	<origen pais="China" numeroFabricantes="4"></origen>
  </origenes>
</detalle>'
);

INSERT INTO ProductModel(productModelID,name,catalogDescription,detalle) VALUES(20,'Mountain-200',NULL,
'<?xml version="1.0"?>
<detalle>
  <edad minima="20" maxima="50"></edad>
  <materiales>
	<material> marco, radios, manubrio y accesorios de acero </material>
	<material> llantas de goma </material>
  </materiales>
  <tallas>
	<talla sexo="Hombre" tamano="S"></talla>
    <talla sexo="Hombre" tamano="M"></talla>
    <talla sexo="Hombre" tamano="L"></talla>
	<talla sexo="Mujer" tamano="S"></talla>
	<talla sexo="Mujer" tamano="M"></talla>
	<talla sexo="Mujer" tamano="L"></talla>
  </tallas>
  <garantia meses="12"></garantia>
  <peso peso="13500"></peso>
  <origenes>
	<origen pais="Italia" numeroFabricantes="2"></origen>
	<origen pais="China" numeroFabricantes="3"></origen>
  </origenes>
</detalle>'
);

INSERT INTO ProductModel(productModelID,name,catalogDescription,detalle) VALUES(21,'Mountain-300',NULL,
'<?xml version="1.0"?>
<detalle>
  <edad minima="20" maxima="50"></edad>
  <materiales>
	<material> marco, radios, manubrio y accesorios de acero </material>
	<material> llantas de goma </material>
  </materiales>
  <tallas>
	<talla sexo="Hombre" tamano="S"></talla>
    <talla sexo="Hombre" tamano="M"></talla>
    <talla sexo="Hombre" tamano="L"></talla>
	<talla sexo="Mujer" tamano="S"></talla>
	<talla sexo="Mujer" tamano="M"></talla>
	<talla sexo="Mujer" tamano="L"></talla>
  </tallas>
  <garantia meses="12"></garantia>
  <peso peso="14000"></peso>
  <origenes>
	<origen pais="Italia" numeroFabricantes="3"></origen>
	<origen pais="China" numeroFabricantes="4"></origen>
  </origenes>
</detalle>'
);

INSERT INTO ProductModel(productModelID,name,catalogDescription,detalle) VALUES(22,'Mountain-400-W',NULL,
'<?xml version="1.0"?>
<detalle>
  <edad minima="20" maxima="50"></edad>
  <materiales>
	<material> marco, radios, manubrio y accesorios de acero </material>
	<material> llantas de goma </material>
  </materiales>
  <tallas>
	<talla sexo="Hombre" tamano="S"></talla>
    <talla sexo="Hombre" tamano="M"></talla>
    <talla sexo="Hombre" tamano="L"></talla>
	<talla sexo="Mujer" tamano="S"></talla>
	<talla sexo="Mujer" tamano="M"></talla>
	<talla sexo="Mujer" tamano="L"></talla>
  </tallas>
  <garantia meses="12"></garantia>
  <peso peso="14000"></peso>
  <origenes>
	<origen pais="Italia" numeroFabricantes="4"></origen>
	<origen pais="China" numeroFabricantes="3"></origen>
  </origenes>
</detalle>'
);

INSERT INTO ProductModel(productModelID,name,catalogDescription,detalle) VALUES(23,'Mountain-500',NULL,
'<?xml version="1.0"?>
<detalle>
  <edad minima="20" maxima="50"></edad>
  <materiales>
	<material> marco, radios, manubrio y accesorios de acero </material>
	<material> llantas de goma </material>
  </materiales>
  <tallas>
	<talla sexo="Hombre" tamano="S"></talla>
    <talla sexo="Hombre" tamano="M"></talla>
    <talla sexo="Hombre" tamano="L"></talla>
	<talla sexo="Mujer" tamano="S"></talla>
	<talla sexo="Mujer" tamano="M"></talla>
	<talla sexo="Mujer" tamano="L"></talla>
  </tallas>
  <garantia meses="12"></garantia>
  <peso peso="14500"></peso>
  <origenes>
	<origen pais="Italia" numeroFabricantes="3"></origen>
	<origen pais="China" numeroFabricantes="4"></origen>
  </origenes>
</detalle>'
);

INSERT INTO ProductModel(productModelID,name,catalogDescription,detalle) VALUES(24,'Racing Socks',NULL,
'<?xml version="1.0"?>
<detalle>
  <edad minima="20" maxima="80"></edad>
  <materiales>
	<material> tela de algodon </material>
  </materiales>
  <tallas>
	<talla sexo="Hombre" tamano="S"></talla>
    <talla sexo="Hombre" tamano="M"></talla>
    <talla sexo="Hombre" tamano="L"></talla>
	<talla sexo="Mujer" tamano="S"></talla>
	<talla sexo="Mujer" tamano="M"></talla>
	<talla sexo="Mujer" tamano="L"></talla>
  </tallas>
  <garantia meses="0"></garantia>
  <origenes>
	<origen pais="Camboya" numeroFabricantes="4"></origen>
	<origen pais="China" numeroFabricantes="5"></origen>
	<origen pais="Italia" numeroFabricantes="2"></origen>
  </origenes>
</detalle>'
);

INSERT INTO ProductModel(productModelID,name,catalogDescription,detalle) VALUES(25,'Road-150',NULL,
'<?xml version="1.0"?>
<detalle>
  <edad minima="20" maxima="50"></edad>
  <materiales>
	<material> carroceria en fibra de carbono </material>
	<material> cuerpo de aluminio </material>
	<material> sillon forrado con cuero </material>
	<material> llantas de goma </material>
  </materiales>
  <tallas>
    <talla sexo="Hombre" tamano="M"></talla>
    <talla sexo="Hombre" tamano="L"></talla>
  </tallas>
  <garantia meses="12"></garantia>
  <peso peso="250000"></peso>
  <origenes>
	<origen pais="Italia" numeroFabricantes="6"></origen>
	<origen pais="Japon" numeroFabricantes="4"></origen>
  </origenes>
</detalle>'
);

INSERT INTO ProductModel(productModelID,name,catalogDescription,detalle) VALUES(26,'Road-250',NULL,
'<?xml version="1.0"?>
<detalle>
  <edad minima="25" maxima="55"></edad>
  <materiales>
	<material> carroceria en fibra de carbono </material>
	<material> cuerpo de aluminio </material>
	<material> sillon forrado con cuero </material>
	<material> llantas de goma </material>
  </materiales>
  <tallas>
    <talla sexo="Hombre" tamano="M"></talla>
    <talla sexo="Hombre" tamano="L"></talla>
  </tallas>
  <garantia meses="12"></garantia>
  <peso peso="280000"></peso>
  <origenes>
	<origen pais="Italia" numeroFabricantes="1"></origen>
	<origen pais="Japon" numeroFabricantes="5"></origen>
  </origenes>
</detalle>'
);

INSERT INTO ProductModel(productModelID,name,catalogDescription,detalle) VALUES(27,'Road-350-W',NULL,
'<?xml version="1.0"?>
<detalle>
  <edad minima="35" maxima="70"></edad>
  <materiales>
	<material> carroceria en fibra de carbono </material>
	<material> cuerpo de aluminio </material>
	<material> sillon forrado con cuero </material>
	<material> llantas de goma </material>
  </materiales>
  <tallas>
    <talla sexo="Hombre" tamano="M"></talla>
    <talla sexo="Hombre" tamano="L"></talla>
  </tallas>
  <garantia meses="12"></garantia>
  <peso peso="310000"></peso>
  <origenes>
	<origen pais="Italia" numeroFabricantes="2"></origen>
	<origen pais="Japon" numeroFabricantes="7"></origen>
  </origenes>
</detalle>'
);

INSERT INTO ProductModel(productModelID,name,catalogDescription,detalle) VALUES(28,'Road-450',NULL,
'<?xml version="1.0"?>
<detalle>
  <edad minima="30" maxima="60"></edad>
  <materiales>
	<material> carroceria en fibra de carbono </material>
	<material> cuerpo de aluminio </material>
	<material> sillon forrado con cuero </material>
	<material> llantas de goma </material>
  </materiales>
  <tallas>
    <talla sexo="Hombre" tamano="M"></talla>
    <talla sexo="Hombre" tamano="L"></talla>
  </tallas>
  <garantia meses="12"></garantia>
  <peso peso="300000"></peso>
  <origenes>
	<origen pais="Japon" numeroFabricantes="7"></origen>
	<origen pais="China" numeroFabricantes="4"></origen>
  </origenes>
</detalle>'
);

INSERT INTO ProductModel(productModelID,name,catalogDescription,detalle) VALUES(29,'Road-550-W',NULL,
'<?xml version="1.0"?>
<detalle>
  <edad minima="20" maxima="40"></edad>
  <materiales>
	<material> carroceria en fibra de carbono </material>
	<material> cuerpo de aluminio </material>
	<material> sillon forrado con cuero </material>
	<material> llantas de goma </material>
  </materiales>
  <tallas>
	<talla sexo="Hombre" tamano="S"></talla>
	<talla sexo="Hombre" tamano="M"></talla>
  </tallas>
  <garantia meses="12"></garantia>
  <peso peso="340000"></peso>
  <origenes>
	<origen pais="Italia" numeroFabricantes="3"></origen>
	<origen pais="Japon" numeroFabricantes="7"></origen>
	<origen pais="China" numeroFabricantes="4"></origen>
  </origenes>
</detalle>'
);

INSERT INTO ProductModel(productModelID,name,catalogDescription,detalle) VALUES(30,'Road-650',NULL,
'<?xml version="1.0"?>
<detalle>
  <edad minima="25" maxima="50"></edad>
  <materiales>
	<material> carroceria en fibra de carbono </material>
	<material> cuerpo de aluminio </material>
	<material> sillon forrado con cuero </material>
	<material> llantas de goma </material>
  </materiales>
  <tallas>
	<talla sexo="Hombre" tamano="S"></talla>
    <talla sexo="Hombre" tamano="M"></talla>
    <talla sexo="Hombre" tamano="L"></talla>
  </tallas>
  <garantia meses="12"></garantia>
  <peso peso="320000"></peso>
  <origenes>
	<origen pais="Italia" numeroFabricantes="3"></origen>
	<origen pais="Japon" numeroFabricantes="7"></origen>
	<origen pais="China" numeroFabricantes="4"></origen>
  </origenes>
</detalle>'
);

INSERT INTO ProductModel(productModelID,name,catalogDescription,detalle) VALUES(31,'Road-750',NULL,
'<?xml version="1.0"?>
<detalle>
  <edad minima="20" maxima="50"></edad>
  <materiales>
	<material> carroceria en fibra de carbono </material>
	<material> cuerpo de aluminio </material>
	<material> sillon forrado con cuero </material>
	<material> llantas de goma </material>
  </materiales>
  <tallas>
	<talla sexo="Hombre" tamano="S"></talla>
    <talla sexo="Hombre" tamano="M"></talla>
    <talla sexo="Hombre" tamano="L"></talla>
  </tallas>
  <garantia meses="12"></garantia>
  <peso peso="270000"></peso>
  <origenes>
	<origen pais="Italia" numeroFabricantes="3"></origen>
	<origen pais="Japon" numeroFabricantes="5"></origen>
	<origen pais="China" numeroFabricantes="2"></origen>
  </origenes>
</detalle>'
);

INSERT INTO ProductModel(productModelID,name,catalogDescription,detalle) VALUES(32,'Short-Sleeve Classic Jersey',NULL,
'<?xml version="1.0"?>
<detalle>
  <edad minima="19" maxima="60"></edad>
  <materiales>
	<material> tela spandex </material>
  </materiales>
  <tallas>
	<talla sexo="Hombre" tamano="S"></talla>
    <talla sexo="Hombre" tamano="M"></talla>
    <talla sexo="Hombre" tamano="L"></talla>
	<talla sexo="Mujer" tamano="S"></talla>
	<talla sexo="Mujer" tamano="M"></talla>
	<talla sexo="Mujer" tamano="L"></talla>
  </tallas>
  <garantia meses="0.25"></garantia>
  <origenes>
	<origen pais="Camboya" numeroFabricantes="3"></origen>
	<origen pais="China" numeroFabricantes="4"></origen>
  </origenes>
</detalle>'
);

INSERT INTO ProductModel(productModelID,name,catalogDescription,detalle) VALUES(33,'Sport-100',NULL,
'<?xml version="1.0"?>
<detalle>
  <edad minima="18" maxima="50"></edad>
  <materiales>
	<material> carroceria en fibra de carbono </material>
	<material> cuerpo de aluminio </material>
	<material> sillon forrado con cuero </material>
	<material> llantas de goma </material>
  </materiales>
  <tallas>
	<talla sexo="Hombre" tamano="S"></talla>
    <talla sexo="Hombre" tamano="M"></talla>
    <talla sexo="Hombre" tamano="L"></talla>
  </tallas>
  <garantia meses="12"></garantia>
  <peso peso="230000"></peso>
  <origenes>
	<origen pais="Japon" numeroFabricantes="7"></origen>
	<origen pais="China" numeroFabricantes="3"></origen>
  </origenes>
</detalle>'
);

INSERT INTO ProductModel(productModelID,name,catalogDescription,detalle) VALUES(34,'Touring-1000',NULL,
'<?xml version="1.0"?>
<detalle>
  <edad minima="20" maxima="40"></edad>
  <materiales>
	<material> carroceria en fibra de carbono </material>
	<material> cuerpo de aluminio </material>
	<material> sillon forrado con cuero </material>
	<material> llantas de goma </material>
  </materiales>
  <tallas>
	<talla sexo="Hombre" tamano="S"></talla>
    <talla sexo="Hombre" tamano="M"></talla>
  </tallas>
  <garantia meses="12"></garantia>
  <peso peso="450000"></peso>
  <origenes>
	<origen pais="Espana" numeroFabricantes="5"></origen>
	<origen pais="Japon" numeroFabricantes="4"></origen>
  </origenes>
</detalle>'
);

INSERT INTO ProductModel(productModelID,name,catalogDescription,detalle) VALUES(35,'Touring-2000',NULL,
'<?xml version="1.0"?>
<detalle>
  <edad minima="20" maxima="55"></edad>
  <materiales>
	<material> carroceria en fibra de carbono </material>
	<material> cuerpo de aluminio </material>
	<material> sillon forrado con cuero </material>
	<material> llantas de goma </material>
  </materiales>
  <tallas>
	<talla sexo="Hombre" tamano="S"></talla>
    <talla sexo="Hombre" tamano="M"></talla>
    <talla sexo="Hombre" tamano="L"></talla>
  </tallas>
  <garantia meses="12"></garantia>
  <peso peso="310000"></peso>
  <origenes>
	<origen pais="Italia" numeroFabricantes="4"></origen>
	<origen pais="Espana" numeroFabricantes="1"></origen>
	<origen pais="Japon" numeroFabricantes="5"></origen>
  </origenes>
</detalle>'
);

INSERT INTO ProductModel(productModelID,name,catalogDescription,detalle) VALUES(36,'Touring-3000',NULL,
'<?xml version="1.0"?>
<detalle>
  <edad minima="22" maxima="55"></edad>
  <materiales>
	<material> carroceria en fibra de carbono </material>
	<material> cuerpo de aluminio </material>
	<material> sillon forrado con cuero </material>
	<material> llantas de goma </material>
  </materiales>
  <tallas>
	<talla sexo="Hombre" tamano="S"></talla>
    <talla sexo="Hombre" tamano="M"></talla>
    <talla sexo="Hombre" tamano="L"></talla>
  </tallas>
  <garantia meses="12"></garantia>
  <peso peso="280000"></peso>
  <origenes>
	<origen pais="Italia" numeroFabricantes="4"></origen>
	<origen pais="Espana" numeroFabricantes="2"></origen>
	<origen pais="Japon" numeroFabricantes="3"></origen>
  </origenes>
</detalle>'
);

INSERT INTO ProductModel(productModelID,name,catalogDescription,detalle) VALUES(37,'Womens Mountain Shorts',NULL,
'<?xml version="1.0"?>
<detalle>
  <edad minima="19" maxima="60"></edad>
  <materiales>
	<material> tela impermeable </material>
  </materiales>
  <tallas>
	<talla sexo="Mujer" tamano="S"></talla>
	<talla sexo="Mujer" tamano="M"></talla>
	<talla sexo="Mujer" tamano="L"></talla>
  </tallas>
  <garantia meses="0.25"></garantia>
  <origenes>
	<origen pais="Camboya" numeroFabricantes="4"></origen>
	<origen pais="China" numeroFabricantes="6"></origen>
  </origenes>
</detalle>'
);

INSERT INTO ProductModel(productModelID,name,catalogDescription,detalle) VALUES(38,'Womens Tights',NULL,
'<?xml version="1.0"?>
<detalle>
  <edad minima="20" maxima="50"></edad>
  <materiales>
	<material> tela spandex y malla </material>
  </materiales>
  <tallas>
	<talla sexo="Mujer" tamano="S"></talla>
	<talla sexo="Mujer" tamano="M"></talla>
	<talla sexo="Mujer" tamano="L"></talla>
  </tallas>
  <garantia meses="0"></garantia>
  <origenes>
	<origen pais="China" numeroFabricantes="8"></origen>
	<origen pais="Camboya" numeroFabricantes="2"></origen>
  </origenes>
</detalle>'
);

INSERT INTO ProductModel(productModelID,name,catalogDescription,detalle) VALUES(39,'Mountain-400',NULL,
'<?xml version="1.0"?>
<detalle>
  <edad minima="18" maxima="55"></edad>
  <materiales>
	<material> marco de fibra de carbono </material>
	<material> radios, manubrio y accesorios de acero </material>
	<material> llantas de goma </material>
  </materiales>
  <tallas>
	<talla sexo="Hombre" tamano="S"></talla>
    <talla sexo="Hombre" tamano="M"></talla>
    <talla sexo="Hombre" tamano="L"></talla>
	<talla sexo="Mujer" tamano="S"></talla>
	<talla sexo="Mujer" tamano="M"></talla>
	<talla sexo="Mujer" tamano="L"></talla>
  </tallas>
  <garantia meses="12"></garantia>
  <peso peso="11000"></peso>
  <origenes>
	<origen pais="Italia" numeroFabricantes="3"></origen>
	<origen pais="China" numeroFabricantes="5"></origen>
  </origenes>
</detalle>'
);

INSERT INTO ProductModel(productModelID,name,catalogDescription,detalle) VALUES(40,'Road-550',NULL,
'<?xml version="1.0"?>
<detalle>
  <edad minima="20" maxima="40"></edad>
  <materiales>
	<material> marco de fibra de carbono </material>
	<material> radios, manubrio y accesorios de acero </material>
	<material> llantas de goma </material>
  </materiales>
  <tallas>
	<talla sexo="Hombre" tamano="S"></talla>
    <talla sexo="Hombre" tamano="M"></talla>
	<talla sexo="Mujer" tamano="S"></talla>
	<talla sexo="Mujer" tamano="M"></talla>
  </tallas>
  <garantia meses="12"></garantia>
  <peso peso="10000"></peso>
  <origenes>
	<origen pais="Italia" numeroFabricantes="4"></origen>
	<origen pais="China" numeroFabricantes="5"></origen>
  </origenes>
</detalle>'
);

INSERT INTO ProductModel(productModelID,name,catalogDescription,detalle) VALUES(41,'Road-350',NULL,
'<?xml version="1.0"?>
<detalle>
  <edad minima="20" maxima="50"></edad>
  <materiales>
	<material> marco, radios, manubrio y accesorios de acero </material>
	<material> llantas de goma </material>
  </materiales>
  <tallas>
	<talla sexo="Hombre" tamano="S"></talla>
    <talla sexo="Hombre" tamano="M"></talla>
    <talla sexo="Hombre" tamano="L"></talla>
	<talla sexo="Mujer" tamano="S"></talla>
	<talla sexo="Mujer" tamano="M"></talla>
	<talla sexo="Mujer" tamano="L"></talla>
  </tallas>
  <garantia meses="12"></garantia>
  <peso peso="12000"></peso>
  <origenes>
	<origen pais="Italia" numeroFabricantes="4"></origen>
	<origen pais="China" numeroFabricantes="4"></origen>
  </origenes>
</detalle>'
);

INSERT INTO ProductModel(productModelID,name,catalogDescription,detalle) VALUES(42,'LL Mountain Front Wheel',NULL,
'<?xml version="1.0"?>
<detalle>
  <edad minima="19" maxima="50"></edad>
  <materiales>
	<material> goma </material>
  </materiales>
  <tallas>
	<talla sexo="Hombre" tamano="S"></talla>
    <talla sexo="Hombre" tamano="M"></talla>
    <talla sexo="Hombre" tamano="L"></talla>
	<talla sexo="Mujer" tamano="S"></talla>
	<talla sexo="Mujer" tamano="M"></talla>
	<talla sexo="Mujer" tamano="L"></talla>
  </tallas>
  <garantia meses="3"></garantia>
  <peso peso="3000"></peso>
  <origenes>
	<origen pais="Japon" numeroFabricantes="8"></origen>
	<origen pais="Italia" numeroFabricantes="2"></origen>
  </origenes>
</detalle>'
);

INSERT INTO ProductModel(productModelID,name,catalogDescription,detalle) VALUES(43,'Touring Rear Wheel',NULL,
'<?xml version="1.0"?>
<detalle>
  <edad minima="20" maxima="60"></edad>
  <materiales>
	<material> radio de acero </material>
	<material> llanta de goma </material>
  </materiales>
  <tallas>
	<talla sexo="Hombre" tamano="S"></talla>
    <talla sexo="Hombre" tamano="M"></talla>
    <talla sexo="Hombre" tamano="L"></talla>
  </tallas>
  <garantia meses="3"></garantia>
  <peso peso="1000"></peso>
  <origenes>
	<origen pais="Japon" numeroFabricantes="6"></origen>
	<origen pais="China" numeroFabricantes="4"></origen>
  </origenes>
</detalle>'
);

INSERT INTO ProductModel(productModelID,name,catalogDescription,detalle) VALUES(44,'Touring Front Wheel',NULL,
'<?xml version="1.0"?>
<detalle>
  <edad minima="20" maxima="55"></edad>
  <materiales>
	<material> radio de acero </material>
	<material> llanta de goma </material>
  </materiales>
  <tallas>
	<talla sexo="Hombre" tamano="S"></talla>
    <talla sexo="Hombre" tamano="M"></talla>
    <talla sexo="Hombre" tamano="L"></talla>
  </tallas>
  <garantia meses="4"></garantia>
  <peso peso="2000"></peso>
  <origenes>
	<origen pais="Japon" numeroFabricantes="6"></origen>
	<origen pais="China" numeroFabricantes="4"></origen>
  </origenes>
</detalle>'
);

INSERT INTO ProductModel(productModelID,name,catalogDescription,detalle) VALUES(45,'ML Mountain Front Wheel',NULL,
'<?xml version="1.0"?>
<detalle>
  <edad minima="17" maxima="50"></edad>
  <materiales>
	<material> radio de acero </material>
	<material> llanta de goma </material>
  </materiales>
  <tallas>
	<talla sexo="Nino" tamano="L"></talla>
	<talla sexo="Hombre" tamano="S"></talla>
    <talla sexo="Hombre" tamano="M"></talla>
    <talla sexo="Hombre" tamano="L"></talla>
	<talla sexo="Mujer" tamano="S"></talla>
	<talla sexo="Mujer" tamano="M"></talla>
	<talla sexo="Mujer" tamano="L"></talla>
  </tallas>
  <garantia meses="12"></garantia>
  <peso peso="1500"></peso>
  <origenes>
	<origen pais="Italia" numeroFabricantes="3"></origen>
	<origen pais="China" numeroFabricantes="4"></origen>
  </origenes>
</detalle>'
);

INSERT INTO ProductModel(productModelID,name,catalogDescription,detalle) VALUES(46,'HL Mountain Front Wheel',NULL,
'<?xml version="1.0"?>
<detalle>
  <edad minima="20" maxima="50"></edad>
  <materiales>
	<material> radio de acero </material>
	<material> llanta de goma </material>
  </materiales>
  <tallas>
	<talla sexo="Hombre" tamano="S"></talla>
    <talla sexo="Hombre" tamano="M"></talla>
    <talla sexo="Hombre" tamano="L"></talla>
	<talla sexo="Mujer" tamano="S"></talla>
	<talla sexo="Mujer" tamano="M"></talla>
	<talla sexo="Mujer" tamano="L"></talla>
  </tallas>
  <garantia meses="12"></garantia>
  <peso peso="1500"></peso>
  <origenes>
	<origen pais="Italia" numeroFabricantes="3"></origen>
	<origen pais="China" numeroFabricantes="4"></origen>
  </origenes>
</detalle>'
);

INSERT INTO ProductModel(productModelID,name,catalogDescription,detalle) VALUES(47,'LL Touring Handlebars',NULL,
'<?xml version="1.0"?>
<detalle>
  <edad minima="20" maxima="50"></edad>
  <materiales>
	<material> acero </material>
	<material> forro de goma </material>
  </materiales>
  <tallas>
	<talla sexo="Hombre" tamano="S"></talla>
    <talla sexo="Hombre" tamano="M"></talla>
    <talla sexo="Hombre" tamano="L"></talla>
	<talla sexo="Mujer" tamano="S"></talla>
	<talla sexo="Mujer" tamano="M"></talla>
	<talla sexo="Mujer" tamano="L"></talla>
  </tallas>
  <garantia meses="3"></garantia>
  <peso peso="800"></peso>
  <origenes>
	<origen pais="Italia" numeroFabricantes="3"></origen>
	<origen pais="China" numeroFabricantes="4"></origen>
  </origenes>
</detalle>'
);

INSERT INTO ProductModel(productModelID,name,catalogDescription,detalle) VALUES(48,'HL Touring Handlebars',NULL,
'<?xml version="1.0"?>
<detalle>
  <edad minima="20" maxima="50"></edad>
  <materiales>
	<material> acero </material>
  </materiales>
  <tallas>
	<talla sexo="Hombre" tamano="S"></talla>
    <talla sexo="Hombre" tamano="M"></talla>
    <talla sexo="Hombre" tamano="L"></talla>
	<talla sexo="Mujer" tamano="S"></talla>
	<talla sexo="Mujer" tamano="M"></talla>
	<talla sexo="Mujer" tamano="L"></talla>
  </tallas>
  <garantia meses="3"></garantia>
  <peso peso="750"></peso>
  <origenes>
	<origen pais="Italia" numeroFabricantes="3"></origen>
	<origen pais="China" numeroFabricantes="4"></origen>
  </origenes>
</detalle>'
);

INSERT INTO ProductModel(productModelID,name,catalogDescription,detalle) VALUES(49,'LL Road Front Wheel',NULL,
'<?xml version="1.0"?>
<detalle>
  <edad minima="20" maxima="50"></edad>
  <materiales>
	<material> radio de acero </material>
	<material> llanta de goma </material>
  </materiales>
  <tallas>
	<talla sexo="Hombre" tamano="S"></talla>
    <talla sexo="Hombre" tamano="M"></talla>
    <talla sexo="Hombre" tamano="L"></talla>
	<talla sexo="Mujer" tamano="S"></talla>
	<talla sexo="Mujer" tamano="M"></talla>
	<talla sexo="Mujer" tamano="L"></talla>
  </tallas>
  <garantia meses="3"></garantia>
  <peso peso="2000"></peso>
  <origenes>
	<origen pais="Italia" numeroFabricantes="3"></origen>
	<origen pais="China" numeroFabricantes="4"></origen>
  </origenes>
</detalle>'
);

INSERT INTO ProductModel(productModelID,name,catalogDescription,detalle) VALUES(50,'ML Road Front Wheel',NULL,
'<?xml version="1.0"?>
<detalle>
  <edad minima="20" maxima="50"></edad>
  <materiales>
	<material> radio de acero </material>
	<material> llanta de goma </material>
  </materiales>
  <tallas>
	<talla sexo="Hombre" tamano="S"></talla>
    <talla sexo="Hombre" tamano="M"></talla>
    <talla sexo="Hombre" tamano="L"></talla>
	<talla sexo="Mujer" tamano="S"></talla>
	<talla sexo="Mujer" tamano="M"></talla>
	<talla sexo="Mujer" tamano="L"></talla>
  </tallas>
  <garantia meses="3"></garantia>
  <peso peso="1800"></peso>
  <origenes>
	<origen pais="Italia" numeroFabricantes="3"></origen>
	<origen pais="China" numeroFabricantes="4"></origen>
  </origenes>
</detalle>'
);

--Product--
INSERT INTO Product VALUES (680,'HL Road Frame - Black, 58', 'FR-R92B-58', 'Black', 1059.31,1431.50,'58', 1016.04,18,6,TO_DATE('1998-06-01','YYYY-MM-DD'), NULL, NULL, NULL); 
INSERT INTO Product VALUES (706,'HL Road Frame - Red, 58', 'FR-R92R-58', 'Red', 1059.31,1431.50,'58', 1016.04,18,6,TO_DATE('1998-06-01','YYYY-MM-DD'), NULL, NULL, NULL); 
INSERT INTO Product VALUES (707,'Sport-100 Helmet, Red', 'HL-U509-R', 'Red', 13.09,34.99,NULL, null,35,33,TO_DATE('2001-07-01','YYYY-MM-DD'), NULL, NULL, NULL); 
INSERT INTO Product VALUES (708,'Sport-100 Helmet, Black', 'HL-U509', 'Black', 13.09,34.99,NULL, null,35,33,TO_DATE('2001-07-01','YYYY-MM-DD'), NULL, NULL, NULL); 
INSERT INTO Product VALUES (709,'Mountain Bike Socks, M', 'SO-B909-M', 'White', 3.40,9.50,'M', null,27,18,TO_DATE('2001-07-01','YYYY-MM-DD'), TO_DATE('2002-06-30','YYYY-MM-DD'), NULL, NULL); 
INSERT INTO Product VALUES (710,'Mountain Bike Socks, L', 'SO-B909-L', 'White', 3.40,9.50,'L', null,27,18,TO_DATE('2001-07-01','YYYY-MM-DD'), TO_DATE('2002-06-30','YYYY-MM-DD'), NULL, NULL); 
INSERT INTO Product VALUES (711,'Sport-100 Helmet, Blue', 'HL-U509-B', 'Blue', 13.09,34.99,NULL, null,35,33,TO_DATE('2001-07-01','YYYY-MM-DD'), NULL, NULL, NULL); 
INSERT INTO Product VALUES (712,'AWC Logo Cap', 'CA-1098', 'Multi', 6.92,8.99,NULL, null,23,2,TO_DATE('2001-07-01','YYYY-MM-DD'), NULL, NULL, NULL); 
INSERT INTO Product VALUES (713,'Long-Sleeve Logo Jersey, S', 'LJ-0192-S', 'Multi', 38.49,49.99,'S', null,25,11,TO_DATE('2001-07-01','YYYY-MM-DD'), NULL, NULL, NULL); 
INSERT INTO Product VALUES (714,'Long-Sleeve Logo Jersey, M', 'LJ-0192-M', 'Multi', 38.49,49.99,'M', null,25,11,TO_DATE('2001-07-01','YYYY-MM-DD'), NULL, NULL, NULL); 
INSERT INTO Product VALUES (715,'Long-Sleeve Logo Jersey, L', 'LJ-0192-L', 'Multi', 38.49,49.99,'L', null,25,11,TO_DATE('2001-07-01','YYYY-MM-DD'), NULL, NULL, NULL); 
INSERT INTO Product VALUES (716,'Long-Sleeve Logo Jersey, XL', 'LJ-0192-X', 'Multi', 38.49,49.99,'XL', null,25,11,TO_DATE('2001-07-01','YYYY-MM-DD'), NULL, NULL, NULL); 
INSERT INTO Product VALUES (717,'HL Road Frame - Red, 62', 'FR-R92R-62', 'Red', 868.63,1431.50,'62', 1043.26,18,6,TO_DATE('2001-07-01','YYYY-MM-DD'), NULL, NULL, NULL); 
INSERT INTO Product VALUES (718,'HL Road Frame - Red, 44', 'FR-R92R-44', 'Red', 868.63,1431.50,'44', 961.61,18,6,TO_DATE('2001-07-01','YYYY-MM-DD'), NULL, NULL, NULL); 
INSERT INTO Product VALUES (719,'HL Road Frame - Red, 48', 'FR-R92R-48', 'Red', 868.63,1431.50,'48', 979.75,18,6,TO_DATE('2001-07-01','YYYY-MM-DD'), NULL, NULL, NULL); 
INSERT INTO Product VALUES (720,'HL Road Frame - Red, 52', 'FR-R92R-52', 'Red', 868.63,1431.50,'52', 997.90,18,6,TO_DATE('2001-07-01','YYYY-MM-DD'), NULL, NULL, NULL); 
INSERT INTO Product VALUES (721,'HL Road Frame - Red, 56', 'FR-R92R-56', 'Red', 868.63,1431.50,'56', 1016.04,18,6,TO_DATE('2001-07-01','YYYY-MM-DD'), NULL, NULL, NULL); 
INSERT INTO Product VALUES(722,'LL Road Frame - Black, 58', 'FR-R38B-58', 'Black', 204.63,337.22,'58', 1115.83,18,9,TO_DATE('2001-07-01','YYYY-MM-DD'), NULL, NULL, NULL); 
INSERT INTO Product VALUES(723,'LL Road Frame - Black, 60', 'FR-R38B-60', 'Black', 204.63,337.22,'60', 1124.90,18,9,TO_DATE('2001-07-01','YYYY-MM-DD'), NULL, NULL, NULL); 
INSERT INTO Product VALUES(724,'LL Road Frame - Black, 62', 'FR-R38B-62', 'Black', 204.63,337.22,'62', 1133.98,18,9,TO_DATE('2001-07-01','YYYY-MM-DD'), NULL, NULL, NULL); 
INSERT INTO Product VALUES(725,'LL Road Frame - Red, 44', 'FR-R38R-44', 'Red', 187.16,337.22,'44', 1052.33,18,9,TO_DATE('2001-07-01','YYYY-MM-DD'), TO_DATE('2003-06-30','YYYY-MM-DD'), NULL, NULL); 
INSERT INTO Product VALUES(726,'LL Road Frame - Red, 48', 'FR-R38R-48', 'Red', 187.16,337.22,'48', 1070.47,18,9,TO_DATE('2001-07-01','YYYY-MM-DD'), TO_DATE('2003-06-30','YYYY-MM-DD'), NULL, NULL); 
INSERT INTO Product VALUES(727,'LL Road Frame - Red, 52', 'FR-R38R-52', 'Red', 187.16,337.22,'52', 1088.62,18,9,TO_DATE('2001-07-01','YYYY-MM-DD'), TO_DATE('2003-06-30','YYYY-MM-DD'), NULL, NULL); 
INSERT INTO Product VALUES(728,'LL Road Frame - Red, 58', 'FR-R38R-58', 'Red', 187.16,337.22,'58', 1115.83,18,9,TO_DATE('2001-07-01','YYYY-MM-DD'), TO_DATE('2003-06-30','YYYY-MM-DD'), NULL, NULL); 
INSERT INTO Product VALUES(729,'LL Road Frame - Red, 60', 'FR-R38R-60', 'Red', 187.16,337.22,'60', 1124.90,18,9,TO_DATE('2001-07-01','YYYY-MM-DD'), TO_DATE('2003-06-30','YYYY-MM-DD'), NULL, NULL); 
INSERT INTO Product VALUES(730,'LL Road Frame - Red, 62', 'FR-R38R-62', 'Red', 187.16,337.22,'62', 1133.98,18,9,TO_DATE('2001-07-01','YYYY-MM-DD'), TO_DATE('2003-06-30','YYYY-MM-DD'), NULL, NULL); 
INSERT INTO Product VALUES(731,'ML Road Frame - Red, 44', 'FR-R72R-44', 'Red', 352.14,594.83,'44', 1006.97,18,16,TO_DATE('2001-07-01','YYYY-MM-DD'), TO_DATE('2002-06-30','YYYY-MM-DD'), NULL, NULL); 
INSERT INTO Product VALUES(732,'ML Road Frame - Red, 48', 'FR-R72R-48', 'Red', 352.14,594.83,'48', 1025.11,18,16,TO_DATE('2001-07-01','YYYY-MM-DD'), TO_DATE('2002-06-30','YYYY-MM-DD'), NULL, NULL); 
INSERT INTO Product VALUES(733,'ML Road Frame - Red, 52', 'FR-R72R-52', 'Red', 352.14,594.83,'52', 1043.26,18,16,TO_DATE('2001-07-01','YYYY-MM-DD'), TO_DATE('2002-06-30','YYYY-MM-DD'), NULL, NULL); 
INSERT INTO Product VALUES(734,'ML Road Frame - Red, 58', 'FR-R72R-58', 'Red', 352.14,594.83,'58', 1070.47,18,16,TO_DATE('2001-07-01','YYYY-MM-DD'), TO_DATE('2002-06-30','YYYY-MM-DD'), NULL, NULL); 
INSERT INTO Product VALUES(735,'ML Road Frame - Red, 60', 'FR-R72R-60', 'Red', 352.14,594.83,'60', 1079.54,18,16,TO_DATE('2001-07-01','YYYY-MM-DD'), TO_DATE('2002-06-30','YYYY-MM-DD'), NULL, NULL); 
INSERT INTO Product VALUES(736,'LL Road Frame - Black, 44', 'FR-R38B-44', 'Black', 204.63,337.22,'44', 1052.33,18,9,TO_DATE('2001-07-01','YYYY-MM-DD'), NULL, NULL, NULL); 
INSERT INTO Product VALUES(737,'LL Road Frame - Black, 48', 'FR-R38B-48', 'Black', 204.63,337.22,'48', 1070.47,18,9,TO_DATE('2001-07-01','YYYY-MM-DD'), NULL, NULL, NULL); 
INSERT INTO Product VALUES(738,'LL Road Frame - Black, 52', 'FR-R38B-52', 'Black', 204.63,337.22,'52', 1088.62,18,9,TO_DATE('2001-07-01','YYYY-MM-DD'), NULL, NULL, NULL); 
INSERT INTO Product VALUES(739,'HL Mountain Frame - Silver, 42', 'FR-M94S-42', 'Silver', 747.20,1364.50,'42', 1233.76,16,5,TO_DATE('2001-07-01','YYYY-MM-DD'), NULL, NULL, NULL); 
INSERT INTO Product VALUES(740,'HL Mountain Frame - Silver, 44', 'FR-M94S-44', 'Silver', 706.81,1364.50,'44', 1251.91,16,5,TO_DATE('2001-07-01','YYYY-MM-DD'), TO_DATE('2002-06-30','YYYY-MM-DD'), NULL, NULL); 
INSERT INTO Product VALUES(741,'HL Mountain Frame - Silver, 48', 'FR-M94S-52', 'Silver', 706.81,1364.50,'48', 1270.05,16,5,TO_DATE('2001-07-01','YYYY-MM-DD'), TO_DATE('2002-06-30','YYYY-MM-DD'), NULL, NULL); 
INSERT INTO Product VALUES(742,'HL Mountain Frame - Silver, 46', 'FR-M94S-46', 'Silver', 747.20,1364.50,'46', 1288.20,16,5,TO_DATE('2001-07-01','YYYY-MM-DD'), NULL, NULL, NULL); 
INSERT INTO Product VALUES(743,'HL Mountain Frame - Black, 42', 'FR-M94B-42', 'Black', 739.04,1349.60,'42', 1233.76,16,5,TO_DATE('2001-07-01','YYYY-MM-DD'), NULL, NULL, NULL); 
INSERT INTO Product VALUES(744,'HL Mountain Frame - Black, 44', 'FR-M94B-44', 'Black', 699.09,1349.60,'44', 1251.91,16,5,TO_DATE('2001-07-01','YYYY-MM-DD'), TO_DATE('2002-06-30','YYYY-MM-DD'), NULL, NULL); 
INSERT INTO Product VALUES(745,'HL Mountain Frame - Black, 48', 'FR-M94B-48', 'Black', 699.09,1349.60,'48', 1270.05,16,5,TO_DATE('2001-07-01','YYYY-MM-DD'), TO_DATE('2002-06-30','YYYY-MM-DD'), NULL, NULL); 
INSERT INTO Product VALUES(746,'HL Mountain Frame - Black, 46', 'FR-M94B-46', 'Black', 739.04,1349.60,'46', 1288.20,16,5,TO_DATE('2001-07-01','YYYY-MM-DD'), NULL, NULL, NULL); 
INSERT INTO Product VALUES(747,'HL Mountain Frame - Black, 38', 'FR-M94B-38', 'Black', 739.04,1349.60,'38', 1215.62,16,5,TO_DATE('2001-07-01','YYYY-MM-DD'), NULL, NULL, NULL); 
INSERT INTO Product VALUES(748,'HL Mountain Frame - Silver, 38', 'FR-M94S-38', 'Silver', 747.20,1364.50,'38', 1215.62,16,5,TO_DATE('2001-07-01','YYYY-MM-DD'), NULL, NULL, NULL); 
INSERT INTO Product VALUES(749,'Road-150 Red, 62', 'BK-R93R-62', 'Red', 2171.29,3578.27,'62', 6803.85,6,25,TO_DATE('2001-07-01','YYYY-MM-DD'), TO_DATE('2002-06-30','YYYY-MM-DD'), NULL, NULL); 
INSERT INTO Product VALUES(750,'Road-150 Red, 44', 'BK-R93R-44', 'Red', 2171.29,3578.27,'44', 6245.93,6,25,TO_DATE('2001-07-01','YYYY-MM-DD'), TO_DATE('2002-06-30','YYYY-MM-DD'), NULL, NULL); 
INSERT INTO Product VALUES(751,'Road-150 Red, 48', 'BK-R93R-48', 'Red', 2171.29,3578.27,'48', 6409.23,6,25,TO_DATE('2001-07-01','YYYY-MM-DD'), TO_DATE('2002-06-30','YYYY-MM-DD'), NULL, NULL); 
INSERT INTO Product VALUES(752,'Road-150 Red, 52', 'BK-R93R-52', 'Red', 2171.29,3578.27,'52', 6540.77,6,25,TO_DATE('2001-07-01','YYYY-MM-DD'), TO_DATE('2002-06-30','YYYY-MM-DD'), NULL, NULL); 
INSERT INTO Product VALUES(753,'Road-150 Red, 56', 'BK-R93R-56', 'Red', 2171.29,3578.27,'56', 6658.70,6,25,TO_DATE('2001-07-01','YYYY-MM-DD'), TO_DATE('2002-06-30','YYYY-MM-DD'), NULL, NULL); 
INSERT INTO Product VALUES(754,'Road-450 Red, 58', 'BK-R68R-58', 'Red', 884.71,1457.99,'58', 8069.37,6,28,TO_DATE('2001-07-01','YYYY-MM-DD'), TO_DATE('2002-06-30','YYYY-MM-DD'),NULL, NULL); 

--SalesOrderDetail--
INSERT INTO SalesOrderDetail (SalesOrderID,SalesOrderDetailID,OrderQty,ProductID,UnitPrice,UnitPriceDiscount) VALUES(71774,110562,1,836,356.90,0.00);
INSERT INTO SalesOrderDetail (SalesOrderID,SalesOrderDetailID,OrderQty,ProductID,UnitPrice,UnitPriceDiscount) VALUES(71774,110563,1,822,356.90,0.00);
INSERT INTO SalesOrderDetail (SalesOrderID,SalesOrderDetailID,OrderQty,ProductID,UnitPrice,UnitPriceDiscount) VALUES(71776,110567,1,907,63.90,0.00);
INSERT INTO SalesOrderDetail (SalesOrderID,SalesOrderDetailID,OrderQty,ProductID,UnitPrice,UnitPriceDiscount) VALUES(71780,110616,4,905,218.45,0.00);
INSERT INTO SalesOrderDetail (SalesOrderID,SalesOrderDetailID,OrderQty,ProductID,UnitPrice,UnitPriceDiscount) VALUES(71780,110617,2,983,461.69,0.00);
INSERT INTO SalesOrderDetail (SalesOrderID,SalesOrderDetailID,OrderQty,ProductID,UnitPrice,UnitPriceDiscount) VALUES(71780,110618,6,988,113.00,0.40);
INSERT INTO SalesOrderDetail (SalesOrderID,SalesOrderDetailID,OrderQty,ProductID,UnitPrice,UnitPriceDiscount) VALUES(71780,110619,2,748,818.70,0.00);
INSERT INTO SalesOrderDetail (SalesOrderID,SalesOrderDetailID,OrderQty,ProductID,UnitPrice,UnitPriceDiscount) VALUES(71780,110620,1,990,323.99,0.00);
INSERT INTO SalesOrderDetail (SalesOrderID,SalesOrderDetailID,OrderQty,ProductID,UnitPrice,UnitPriceDiscount) VALUES(71780,110621,1,926,149.87,0.00);
INSERT INTO SalesOrderDetail (SalesOrderID,SalesOrderDetailID,OrderQty,ProductID,UnitPrice,UnitPriceDiscount) VALUES(71780,110622,1,743,809.76,0.00);
INSERT INTO SalesOrderDetail (SalesOrderID,SalesOrderDetailID,OrderQty,ProductID,UnitPrice,UnitPriceDiscount) VALUES(71780,110623,4,782,1376.99,0.00);
INSERT INTO SalesOrderDetail (SalesOrderID,SalesOrderDetailID,OrderQty,ProductID,UnitPrice,UnitPriceDiscount) VALUES(71780,110624,2,918,158.43,0.00);
INSERT INTO SalesOrderDetail (SalesOrderID,SalesOrderDetailID,OrderQty,ProductID,UnitPrice,UnitPriceDiscount) VALUES(71780,110625,4,780,1391.99,0.00);
INSERT INTO SalesOrderDetail (SalesOrderID,SalesOrderDetailID,OrderQty,ProductID,UnitPrice,UnitPriceDiscount) VALUES(71780,110626,1,937,48.59,0.00);
INSERT INTO SalesOrderDetail (SalesOrderID,SalesOrderDetailID,OrderQty,ProductID,UnitPrice,UnitPriceDiscount) VALUES(71780,110627,6,867,41.99,0.00);
INSERT INTO SalesOrderDetail (SalesOrderID,SalesOrderDetailID,OrderQty,ProductID,UnitPrice,UnitPriceDiscount) VALUES(71780,110628,1,985,113.00,0.40);
INSERT INTO SalesOrderDetail (SalesOrderID,SalesOrderDetailID,OrderQty,ProductID,UnitPrice,UnitPriceDiscount) VALUES(71780,110629,2,989,323.99,0.00);
INSERT INTO SalesOrderDetail (SalesOrderID,SalesOrderDetailID,OrderQty,ProductID,UnitPrice,UnitPriceDiscount) VALUES(71780,110630,3,991,323.99,0.00);
INSERT INTO SalesOrderDetail (SalesOrderID,SalesOrderDetailID,OrderQty,ProductID,UnitPrice,UnitPriceDiscount) VALUES(71780,110631,1,992,323.99,0.00);
INSERT INTO SalesOrderDetail (SalesOrderID,SalesOrderDetailID,OrderQty,ProductID,UnitPrice,UnitPriceDiscount) VALUES(71780,110632,2,993,323.99,0.00);
INSERT INTO SalesOrderDetail (SalesOrderID,SalesOrderDetailID,OrderQty,ProductID,UnitPrice,UnitPriceDiscount) VALUES(71780,110633,2,984,113.00,0.40);
INSERT INTO SalesOrderDetail (SalesOrderID,SalesOrderDetailID,OrderQty,ProductID,UnitPrice,UnitPriceDiscount) VALUES(71780,110634,3,986,113.00,0.40);
INSERT INTO SalesOrderDetail (SalesOrderID,SalesOrderDetailID,OrderQty,ProductID,UnitPrice,UnitPriceDiscount) VALUES(71780,110635,3,987,113.00,0.40);
INSERT INTO SalesOrderDetail (SalesOrderID,SalesOrderDetailID,OrderQty,ProductID,UnitPrice,UnitPriceDiscount) VALUES(71780,110636,2,981,461.69,0.00);
INSERT INTO SalesOrderDetail (SalesOrderID,SalesOrderDetailID,OrderQty,ProductID,UnitPrice,UnitPriceDiscount) VALUES(71780,110637,3,982,461.69,0.00);
INSERT INTO SalesOrderDetail (SalesOrderID,SalesOrderDetailID,OrderQty,ProductID,UnitPrice,UnitPriceDiscount) VALUES(71780,110638,5,783,1376.99,0.00);
INSERT INTO SalesOrderDetail (SalesOrderID,SalesOrderDetailID,OrderQty,ProductID,UnitPrice,UnitPriceDiscount) VALUES(71780,110639,3,809,37.15,0.00);
INSERT INTO SalesOrderDetail (SalesOrderID,SalesOrderDetailID,OrderQty,ProductID,UnitPrice,UnitPriceDiscount) VALUES(71780,110640,1,810,72.16,0.00);
INSERT INTO SalesOrderDetail (SalesOrderID,SalesOrderDetailID,OrderQty,ProductID,UnitPrice,UnitPriceDiscount) VALUES(71780,110641,2,935,24.29,0.00);
INSERT INTO SalesOrderDetail (SalesOrderID,SalesOrderDetailID,OrderQty,ProductID,UnitPrice,UnitPriceDiscount) VALUES(71780,110642,1,925,149.87,0.00);
INSERT INTO SalesOrderDetail (SalesOrderID,SalesOrderDetailID,OrderQty,ProductID,UnitPrice,UnitPriceDiscount) VALUES(71780,110643,7,869,41.99,0.00);
INSERT INTO SalesOrderDetail (SalesOrderID,SalesOrderDetailID,OrderQty,ProductID,UnitPrice,UnitPriceDiscount) VALUES(71780,110644,1,880,32.99,0.00);
INSERT INTO SalesOrderDetail (SalesOrderID,SalesOrderDetailID,OrderQty,ProductID,UnitPrice,UnitPriceDiscount) VALUES(71782,110667,3,714,29.99,0.00);
INSERT INTO SalesOrderDetail (SalesOrderID,SalesOrderDetailID,OrderQty,ProductID,UnitPrice,UnitPriceDiscount) VALUES(71782,110668,3,956,1430.44,0.00);
INSERT INTO SalesOrderDetail (SalesOrderID,SalesOrderDetailID,OrderQty,ProductID,UnitPrice,UnitPriceDiscount) VALUES(71782,110669,1,954,1430.44,0.00);
INSERT INTO SalesOrderDetail (SalesOrderID,SalesOrderDetailID,OrderQty,ProductID,UnitPrice,UnitPriceDiscount) VALUES(71782,110670,10,712,5.39,0.00);
INSERT INTO SalesOrderDetail (SalesOrderID,SalesOrderDetailID,OrderQty,ProductID,UnitPrice,UnitPriceDiscount) VALUES(71782,110671,10,877,4.77,0.00);
INSERT INTO SalesOrderDetail (SalesOrderID,SalesOrderDetailID,OrderQty,ProductID,UnitPrice,UnitPriceDiscount) VALUES(71782,110672,4,996,72.89,0.00);
INSERT INTO SalesOrderDetail (SalesOrderID,SalesOrderDetailID,OrderQty,ProductID,UnitPrice,UnitPriceDiscount) VALUES(71782,110673,6,864,38.10,0.00);
INSERT INTO SalesOrderDetail (SalesOrderID,SalesOrderDetailID,OrderQty,ProductID,UnitPrice,UnitPriceDiscount) VALUES(71782,110674,3,876,72.00,0.00);
INSERT INTO SalesOrderDetail (SalesOrderID,SalesOrderDetailID,OrderQty,ProductID,UnitPrice,UnitPriceDiscount) VALUES(71782,110675,4,959,445.41,0.00);
INSERT INTO SalesOrderDetail (SalesOrderID,SalesOrderDetailID,OrderQty,ProductID,UnitPrice,UnitPriceDiscount) VALUES(71782,110676,4,971,728.91,0.00);
INSERT INTO SalesOrderDetail (SalesOrderID,SalesOrderDetailID,OrderQty,ProductID,UnitPrice,UnitPriceDiscount) VALUES(71782,110677,6,870,2.99,0.00);
INSERT INTO SalesOrderDetail (SalesOrderID,SalesOrderDetailID,OrderQty,ProductID,UnitPrice,UnitPriceDiscount) VALUES(71782,110678,1,978,445.41,0.00);
INSERT INTO SalesOrderDetail (SalesOrderID,SalesOrderDetailID,OrderQty,ProductID,UnitPrice,UnitPriceDiscount) VALUES(71782,110679,1,955,1430.44,0.00);
INSERT INTO SalesOrderDetail (SalesOrderID,SalesOrderDetailID,OrderQty,ProductID,UnitPrice,UnitPriceDiscount) VALUES(71782,110680,1,948,63.90,0.00);
INSERT INTO SalesOrderDetail (SalesOrderID,SalesOrderDetailID,OrderQty,ProductID,UnitPrice,UnitPriceDiscount) VALUES(71782,110681,1,994,32.39,0.00);
INSERT INTO SalesOrderDetail (SalesOrderID,SalesOrderDetailID,OrderQty,ProductID,UnitPrice,UnitPriceDiscount) VALUES(71782,110682,1,970,728.91,0.00);
INSERT INTO SalesOrderDetail (SalesOrderID,SalesOrderDetailID,OrderQty,ProductID,UnitPrice,UnitPriceDiscount) VALUES(71782,110683,2,966,1430.44,0.00);
INSERT INTO SalesOrderDetail (SalesOrderID,SalesOrderDetailID,OrderQty,ProductID,UnitPrice,UnitPriceDiscount) VALUES(71782,110684,4,884,32.39,0.00);

--ProductDescription--
INSERT INTO ProductDescription VALUES(3,'Chromoly steel.'); 
INSERT INTO ProductDescription VALUES(4,'Aluminum alloy cups; large diameter spindle.'); 
INSERT INTO ProductDescription VALUES(5,'Aluminum alloy cups and a hollow axle.'); 
INSERT INTO ProductDescription VALUES(8,'Suitable for any type of riding, on or off-road. Fits any budget. Smooth-shifting with a comfortable ride.'); 
INSERT INTO ProductDescription VALUES(64,'This bike delivers a high-level of performance on a budget. It is responsive and maneuverable, and offers peace-of-mind when you decide to go off-road.'); 
INSERT INTO ProductDescription VALUES(88,'For true trail addicts. An extremely durable bike that will go anywhere and keep you in control on challenging terrain - without breaking your budget.'); 
INSERT INTO ProductDescription VALUES(128,'Serious back-country riding. Perfect for all levels of competition. Uses the same HL Frame as the Mountain-100.'); 
INSERT INTO ProductDescription VALUES(168,'Top-of-the-line competition mountain bike. Performance-enhancing options include the innovative HL Frame, super-smooth front suspension, and traction for all terrain.'); 
INSERT INTO ProductDescription VALUES(170,'Suitable for any type of off-road trip. Fits any budget.'); 
INSERT INTO ProductDescription VALUES(209,'Entry level adult bike; offers a comfortable ride cross-country or down the block. Quick-release hubs and rims.'); 
INSERT INTO ProductDescription VALUES(249,'Value-priced bike with many features of our top-of-the-line models. Has the same light, stiff frame, and the quick acceleration we''re famous for.'); 
INSERT INTO ProductDescription VALUES(320,'Same technology as all of our Road series bikes, but the frame is sized for a woman. Perfect all-around bike for road or racing.'); 
INSERT INTO ProductDescription VALUES(321,'Same technology as all of our Road series bikes. Perfect all-around bike for road or racing.'); 
INSERT INTO ProductDescription VALUES(337,'A true multi-sport bike that offers streamlined riding and a revolutionary design. Aerodynamic design lets you ride with the pros, and the gearing will conquer hilly roads.'); 
INSERT INTO ProductDescription VALUES(375,'Cross-train, race, or just socialize on a sleek, aerodynamic bike. Advanced seat technology provides comfort all day.'); 
INSERT INTO ProductDescription VALUES(376,'Cross-train, race, or just socialize on a sleek, aerodynamic bike designed for a woman. Advanced seat technology provides comfort all day.'); 
INSERT INTO ProductDescription VALUES(409,'Alluminum-alloy frame provides a light, stiff ride, whether you are racing in the velodrome or on a demanding club ride on country roads.'); 
INSERT INTO ProductDescription VALUES(457,'This bike is ridden by race winners. Developed with the Adventure Works Cycles professional race team, it has a extremely light heat-treated aluminum frame, and steering that allows precision control.'); 
INSERT INTO ProductDescription VALUES(513,'All-occasion value bike with our basic comfort and safety features. Offers wider, more stable tires for a ride around town or weekend trip.'); 
INSERT INTO ProductDescription VALUES(554,'The plush custom saddle keeps you riding all day, and there''s plenty of space to add panniers and bike bags to the newly-redesigned carrier. This bike has stability when fully-loaded.'); 
INSERT INTO ProductDescription VALUES(594,'Travel in style and comfort. Designed for maximum comfort and safety. Wide gear range takes on all hills. High-tech aluminum alloy construction provides durability without added weight.'); 
INSERT INTO ProductDescription VALUES(613,'Superior shifting performance.'); 
INSERT INTO ProductDescription VALUES(618,'Super rigid spindle.'); 
INSERT INTO ProductDescription VALUES(619,'High-strength crank arm.'); 
INSERT INTO ProductDescription VALUES(620,'Triple crankset; alumunim crank arm; flawless shifting.'); 
INSERT INTO ProductDescription VALUES(627,'All-weather brake pads; provides superior stopping by applying more surface to the rim.'); 
INSERT INTO ProductDescription VALUES(630,'Wide-link design.'); 
INSERT INTO ProductDescription VALUES(633,'Stout design absorbs shock and offers more precise steering.'); 
INSERT INTO ProductDescription VALUES(634,'Composite road fork with an aluminum steerer tube.'); 
INSERT INTO ProductDescription VALUES(635,'High-performance carbon road fork with curved legs.'); 
INSERT INTO ProductDescription VALUES(637,'Our best value utilizing the same, ground-breaking frame technology as the ML aluminum frame.'); 
INSERT INTO ProductDescription VALUES(642,'The ML frame is a heat-treated aluminum frame made with the same detail and quality as our HL frame. It offers superior performance. Men''s version.'); 
INSERT INTO ProductDescription VALUES(644,'The ML frame is a heat-treated aluminum frame made with the same detail and quality as our HL frame. It offers superior performance. Women''s version.'); 
INSERT INTO ProductDescription VALUES(647,'Each frame is hand-crafted in our Bothell facility to the optimum diameter and wall-thickness required of a premium mountain frame. The heat-treated welded aluminum frame has a larger diameter tube that absorbs the bumps.'); 
INSERT INTO ProductDescription VALUES(661,'Made from the same aluminum alloy as our top-of-the line HL frame, the ML features a lightweight down-tube milled to the perfect diameter for optimal strength. Women''s version.'); 
INSERT INTO ProductDescription VALUES(686,'Replacement mountain wheel for entry-level rider.'); 
INSERT INTO ProductDescription VALUES(687,'Replacement mountain wheel for the casual to serious rider.'); 
INSERT INTO ProductDescription VALUES(688,'High-performance mountain replacement wheel.'); 
INSERT INTO ProductDescription VALUES(689,'Replacement road front wheel for entry-level cyclist.'); 
INSERT INTO ProductDescription VALUES(690,'Sturdy alloy features a quick-release hub.'); 
INSERT INTO ProductDescription VALUES(691,'Strong wheel with double-walled rim.'); 
INSERT INTO ProductDescription VALUES(692,'Aerodynamic rims for smooth riding.'); 
INSERT INTO ProductDescription VALUES(697,'All-purpose bar for on or off-road.'); 
INSERT INTO ProductDescription VALUES(698,'Tough aluminum alloy bars for downhill.'); 
INSERT INTO ProductDescription VALUES(699,'Flat bar strong enough for the pro circuit.'); 
INSERT INTO ProductDescription VALUES(700,'Unique shape provides easier reach to the levers.'); 
INSERT INTO ProductDescription VALUES(701,'Anatomically shaped aluminum tube bar will suit all riders.'); 
INSERT INTO ProductDescription VALUES(702,'Designed for racers; high-end anatomically shaped bar from aluminum alloy.'); 
INSERT INTO ProductDescription VALUES(703,'Unique shape reduces fatigue for entry level riders.'); 
INSERT INTO ProductDescription VALUES(704,'A light yet stiff aluminum bar for long distance riding.');

--ProductModelProductDescription--
INSERT INTO ProductModelProductDescription(ProductModelID,ProductDescriptionID,Culture) VALUES(1,1199,'en');
INSERT INTO ProductModelProductDescription(ProductModelID,ProductDescriptionID,Culture) VALUES(1,1467,'ar');
INSERT INTO ProductModelProductDescription(ProductModelID,ProductDescriptionID,Culture) VALUES(1,1589,'fr');
INSERT INTO ProductModelProductDescription(ProductModelID,ProductDescriptionID,Culture) VALUES(1,1712,'th');
INSERT INTO ProductModelProductDescription(ProductModelID,ProductDescriptionID,Culture) VALUES(1,1838,'he');
INSERT INTO ProductModelProductDescription(ProductModelID,ProductDescriptionID,Culture) VALUES(1,1965,'zh-ch');
INSERT INTO ProductModelProductDescription(ProductModelID,ProductDescriptionID,Culture) VALUES(2,1210,'en');
INSERT INTO ProductModelProductDescription(ProductModelID,ProductDescriptionID,Culture) VALUES(2,1476,'ar');
INSERT INTO ProductModelProductDescription(ProductModelID,ProductDescriptionID,Culture) VALUES(2,1598,'fr');
INSERT INTO ProductModelProductDescription(ProductModelID,ProductDescriptionID,Culture) VALUES(2,1721,'th');
INSERT INTO ProductModelProductDescription(ProductModelID,ProductDescriptionID,Culture) VALUES(2,1847,'he');
INSERT INTO ProductModelProductDescription(ProductModelID,ProductDescriptionID,Culture) VALUES(2,1974,'zh-cht');
INSERT INTO ProductModelProductDescription(ProductModelID,ProductDescriptionID,Culture) VALUES(3,1195,'en');
INSERT INTO ProductModelProductDescription(ProductModelID,ProductDescriptionID,Culture) VALUES(3,1464,'ar');
INSERT INTO ProductModelProductDescription(ProductModelID,ProductDescriptionID,Culture) VALUES(3,1586,'fr');
INSERT INTO ProductModelProductDescription(ProductModelID,ProductDescriptionID,Culture) VALUES(3,1709,'th');
INSERT INTO ProductModelProductDescription(ProductModelID,ProductDescriptionID,Culture) VALUES(3,1835,'he');
INSERT INTO ProductModelProductDescription(ProductModelID,ProductDescriptionID,Culture) VALUES(3,1961,'zh-cht');
INSERT INTO ProductModelProductDescription(ProductModelID,ProductDescriptionID,Culture) VALUES(4,1194,'en');
INSERT INTO ProductModelProductDescription(ProductModelID,ProductDescriptionID,Culture) VALUES(4,1463,'ar');
INSERT INTO ProductModelProductDescription(ProductModelID,ProductDescriptionID,Culture) VALUES(4,1585,'fr');
INSERT INTO ProductModelProductDescription(ProductModelID,ProductDescriptionID,Culture) VALUES(4,1708,'th');
INSERT INTO ProductModelProductDescription(ProductModelID,ProductDescriptionID,Culture) VALUES(4,1834,'he');
INSERT INTO ProductModelProductDescription(ProductModelID,ProductDescriptionID,Culture) VALUES(4,1960,'zh-cht');
INSERT INTO ProductModelProductDescription(ProductModelID,ProductDescriptionID,Culture) VALUES(5,647,'en');
INSERT INTO ProductModelProductDescription(ProductModelID,ProductDescriptionID,Culture) VALUES(5,1400,'ar');
INSERT INTO ProductModelProductDescription(ProductModelID,ProductDescriptionID,Culture) VALUES(5,1605,'fr');
INSERT INTO ProductModelProductDescription(ProductModelID,ProductDescriptionID,Culture) VALUES(5,1639,'th');
INSERT INTO ProductModelProductDescription(ProductModelID,ProductDescriptionID,Culture) VALUES(5,1768,'he');
INSERT INTO ProductModelProductDescription(ProductModelID,ProductDescriptionID,Culture) VALUES(5,1889,'zh-cht');
INSERT INTO ProductModelProductDescription(ProductModelID,ProductDescriptionID,Culture) VALUES(6,1090,'en');
INSERT INTO ProductModelProductDescription(ProductModelID,ProductDescriptionID,Culture) VALUES(6,1451,'ar');
INSERT INTO ProductModelProductDescription(ProductModelID,ProductDescriptionID,Culture) VALUES(6,1573,'fr');
INSERT INTO ProductModelProductDescription(ProductModelID,ProductDescriptionID,Culture) VALUES(6,1696,'th');
INSERT INTO ProductModelProductDescription(ProductModelID,ProductDescriptionID,Culture) VALUES(6,1827,'he');
INSERT INTO ProductModelProductDescription(ProductModelID,ProductDescriptionID,Culture) VALUES(6,1948,'zh-cht');
INSERT INTO ProductModelProductDescription(ProductModelID,ProductDescriptionID,Culture) VALUES(7,1182,'en');
INSERT INTO ProductModelProductDescription(ProductModelID,ProductDescriptionID,Culture) VALUES(7,1453,'ar');
INSERT INTO ProductModelProductDescription(ProductModelID,ProductDescriptionID,Culture) VALUES(7,1575,'fr');
INSERT INTO ProductModelProductDescription(ProductModelID,ProductDescriptionID,Culture) VALUES(7,1698,'th');
INSERT INTO ProductModelProductDescription(ProductModelID,ProductDescriptionID,Culture) VALUES(7,1829,'he');
INSERT INTO ProductModelProductDescription(ProductModelID,ProductDescriptionID,Culture) VALUES(7,1950,'zh-cht');
INSERT INTO ProductModelProductDescription(ProductModelID,ProductDescriptionID,Culture) VALUES(8,637,'en');
INSERT INTO ProductModelProductDescription(ProductModelID,ProductDescriptionID,Culture) VALUES(8,1397,'ar');
INSERT INTO ProductModelProductDescription(ProductModelID,ProductDescriptionID,Culture) VALUES(8,1514,'fr');
INSERT INTO ProductModelProductDescription(ProductModelID,ProductDescriptionID,Culture) VALUES(8,1636,'th');
INSERT INTO ProductModelProductDescription(ProductModelID,ProductDescriptionID,Culture) VALUES(8,1759,'he');
INSERT INTO ProductModelProductDescription(ProductModelID,ProductDescriptionID,Culture) VALUES(8,1886,'zh-cht');
INSERT INTO ProductModelProductDescription(ProductModelID,ProductDescriptionID,Culture) VALUES(9,1020,'en');
INSERT INTO ProductModelProductDescription(ProductModelID,ProductDescriptionID,Culture) VALUES(9,1449,'ar');